formulaTypeID,sequence,mathematicalFormula,language,languageVersion,key
FT128_1,,"<math xmlns=""http://www.w3.org/1998/Math/MathML""><msub> <mi>e</mi> <mrow> <mi>x</mi> <mi>i</mi> </mrow> </msub> <mo>=</mo> <msub> <mi>x</mi> <mrow> <mi>m</mi> <mi>i</mi> </mrow> </msub> <mo>-</mo> <msub> <mi>x</mi> <mrow> <mi>t</mi> <mi>i</mi> </mrow> </msub></math>

<math xmlns=""http://www.w3.org/1998/Math/MathML""><msub> <mi>e</mi> <mrow> <mi>y</mi> <mi>i</mi> </mrow> </msub> <mo>=</mo> <msub> <mi>y</mi> <mrow> <mi>m</mi> <mi>i</mi> </mrow> </msub> <mo>-</mo> <msub> <mi>y</mi> <mrow> <mi>t</mi> <mi>i</mi> </mrow> </msub></math>

<math xmlns=""http://www.w3.org/1998/Math/MathML""> <msub> <mi>e</mi> <mrow> <mi>z</mi> <mi>i</mi> </mrow> </msub> <mo>=</mo> <msub> <mi>z</mi> <mrow> <mi>m</mi> <mi>i</mi> </mrow> </msub> <mo>-</mo> <msub> <mi>z</mi> <mrow> <mi>t</mi> <mi>i</mi> </mrow> </msub></math>",MathML,1.0,Calculation of single deviations.
FT128_2,,"<math xmlns=""http://www.w3.org/1998/Math/MathML""><msub> <mi>a</mi> <mi>x</mi> </msub> <mo>=</mo> <mfrac> <munder> <mo>∑</mo> <msub> <mi>e</mi> <mrow> <mi>x</mi> <mi>i</mi> </mrow> </msub> </munder> <msub> <mi>N</mi> <mi>x</mi> </msub> </mfrac></math>

<math xmlns=""http://www.w3.org/1998/Math/MathML""><msub> <mi>a</mi> <mi>y</mi> </msub> <mo>=</mo> <mfrac> <munder> <mo>∑</mo> <msub> <mi>e</mi> <mrow> <mi>y</mi> <mi>i</mi> </mrow> </msub> </munder> <msub> <mi>N</mi> <mi>y</mi> </msub> </mfrac></math>

<math xmlns=""http://www.w3.org/1998/Math/MathML""><msub> <mi>a</mi> <mi>z</mi> </msub> <mo>=</mo> <mfrac> <munder> <mo>∑</mo> <msub> <mi>e</mi> <mrow> <mi>z</mi> <mi>i</mi> </mrow> </msub> </munder> <msub> <mi>N</mi> <mi>z</mi> </msub>

<math xmlns=""http://www.w3.org/1998/Math/MathML""><msub> <mi>a</mi> <mrow> <mn>2</mn> <mi>D</mi> </mrow> </msub> <mo>=</mo> <msqrt> <msubsup> <mi>a</mi> <mi>x</mi> <mn>2</mn> </msubsup> <mo>+</mo> <msubsup> <mi>a</mi> <mi>y</mi> <mn>2</mn> </msubsup> </msqrt></math>

<math xmlns=""http://www.w3.org/1998/Math/MathML""><msub> <mi>a</mi> <mrow> <mn>3</mn> <mi>D</mi> </mrow> </msub> <mo>=</mo> <msqrt> <msubsup> <mi>a</mi> <mi>x</mi> <mn>2</mn> </msubsup> <mo>+</mo> <msubsup> <mi>a</mi> <mi>y</mi> <mn>2</mn> </msubsup> <mo>+</mo> <msubsup> <mi>a</mi> <mi>z</mi> <mn>2</mn> </msubsup> </msqrt></math>",MathML,1.0,Calculation of biases.
FT28,1.0,"<math xmlns=""http://www.w3.org/1998/Math/MathML""><msub><mi>e</mi><mi>i</mi></msub><mo>=</mo><mfenced close=""|"" open=""|""><mrow><msub><mi>x</mi><mrow><mi>m</mi><mi>i</mi></mrow></msub><mo>-</mo><msub><mi>x</mi><mrow><mi>t</mi><mi>i</mi></mrow></msub></mrow></mfenced></math>",MathML,1.0,"For a number of points (N), the measured positions are given as xmi , ymi and zmi coordinates depending on the dimension in which the position of the point is measured. A corresponding set of coordinates, xti , yti and zti , are considered to represent the true positions. Formula for 1D positional uncertainty."
FT28,2.0,"<math xmlns=""http://www.w3.org/1998/Math/MathML""><msub><mi>e</mi><mi>i</mi></msub><mo>=</mo><msqrt><msup><mrow><mo>(</mo><msub><mi>x</mi><mrow><mi>m</mi><mi>i</mi></mrow></msub><mo>-</mo><msub><mi>x</mi><mrow><mi>t</mi><mi>i</mi></mrow></msub><mo>)</mo></mrow><mn>2</mn></msup><mo>+</mo><msup><mrow><mo>(</mo><msub><mi>y</mi><mrow><mi>m</mi><mi>i</mi></mrow></msub><mo>-</mo><msub><mi>y</mi><mrow><mi>t</mi><mi>i</mi></mrow></msub><mo>)</mo></mrow><mn>2</mn></msup></msqrt></math>",MathML,1.0,"For a number of points (N), the measured positions are given as xmi , ymi and zmi coordinates depending on the dimension in which the position of the point is measured. A corresponding set of coordinates, xti , yti and zti , are considered to represent the true positions. Formula for 2D positional uncertainty."
FT28,3.0,"<math xmlns=""http://www.w3.org/1998/Math/MathML""><msub><mi>e</mi><mi>i</mi></msub><mo>=</mo><msqrt><msup><mrow><mo>(</mo><msub><mi>x</mi><mrow><mi>m</mi><mi>i</mi></mrow></msub><mo>-</mo><msub><mi>x</mi><mrow><mi>t</mi><mi>i</mi></mrow></msub><mo>)</mo></mrow><mn>2</mn></msup><mo>+</mo><msup><mrow><mo>(</mo><msub><mi>y</mi><mrow><mi>m</mi><mi>i</mi></mrow></msub><mo>-</mo><msub><mi>y</mi><mrow><mi>t</mi><mi>i</mi></mrow></msub><mo>)</mo></mrow><mn>2</mn></msup><mo>+</mo><msup><mrow><mo>(</mo><msub><mi>z</mi><mrow><mi>m</mi><mi>i</mi></mrow></msub><mo>-</mo><msub><mi>z</mi><mrow><mi>t</mi><mi>i</mi></mrow></msub><mo>)</mo></mrow><mn>2</mn></msup></msqrt></math>",MathML,1.0,"For a number of points (N), the measured positions are given as xmi , ymi and zmi coordinates depending on the dimension in which the position of the point is measured. A criterion for the establishing of correspondence should also be stated (e.g. allowing for correspondence to the closest position, correspondence on vertices or along lines).  The criterion/criteria for finding the corresponding points shall be reported with  the data quality evaluation result. A corresponding set of coordinates, xti , yti and zti , are considered to represent the true positions. Formula for 3D positional uncertainty."
FT28,4.0,"<math xmlns=""http://www.w3.org/1998/Math/MathML""><menclose notation=""top""><mi>e</mi></menclose><mo>=</mo><mfrac><mn>1</mn><mi>N</mi></mfrac><munderover><mo>∑</mo><mrow><mi>i</mi><mo>=</mo><mn>1</mn></mrow><mi>N</mi></munderover><msub><mi>e</mi><mi>i</mi></msub></math>",MathML,1.0,Formula for calculating the mean positional uncertainties of the horizontal absolute or external positions.
FT29,1.0,"<math xmlns=""http://www.w3.org/1998/Math/MathML""><msub> <mi>e</mi> <mi>i</mi> </msub> <mo>=</mo> <mfenced close="""" open=""{""> <mtable columnalign=""left""> <mtr> <mtd> <msub> <mi>e</mi> <mi>i</mi> </msub> <mo>,</mo> <mo></mo> <mi>i</mi> <mi>f</mi> <mo></mo> <msub> <mi>e</mi> <mi>i</mi> </msub> <mo>≤</mo> <msub> <mi>e</mi> <mrow> <mi>m</mi> <mi>a</mi> <mi>x</mi> </mrow> </msub> </mtd> </mtr> <mtr> <mtd> <mn>0</mn> <mo>,</mo> <mo></mo> <mi>i</mi> <mi>f</mi> <mo></mo> <msub> <mi>e</mi> <mi>i</mi> </msub> <mo>&gt;</mo> <msub> <mi>e</mi> <mrow> <mi>m</mi> <mi>a</mi> <mi>x</mi> </mrow> </msub> </mtd> </mtr> </mtable> </mfenced></math>",MathML,1.0,"For a number of points (N), the measured positions are given as as xmi , ymi and zmi coordinates depending on the dimension in which the position of the point is measured. A corresponding set of coordinates, xti , yti and zti  are considered to represent the true positions. All positional uncertainties above a defined threshold emax are then removed from the set. An outlier (emax) can be considered as blunders or gross errors or use the principle . "
FT29,2.0,"<math xmlns=""http://www.w3.org/1998/Math/MathML""><msub> <menclose notation=""top""> <mi>e</mi> </menclose> <mrow> <mi>e</mi> <mi>x</mi> <mi>l</mi> <mi>u</mi> <mi>d</mi> <mi>i</mi> <mi>n</mi> <mi>g</mi> <mo></mo> <mi>o</mi> <mi>u</mi> <mi>t</mi> <mi>l</mi> <mi>i</mi> <mi>e</mi> <mi>r</mi> <mi>s</mi> </mrow> </msub> <mo>=</mo> <mfrac> <mn>1</mn> <msub> <mi>N</mi> <mi>R</mi> </msub> </mfrac> <munderover> <mo>∑</mo> <mrow> <mi>i</mi> <mo>=</mo> <mn>1</mn> </mrow> <mi>N</mi> </munderover> <msubsup> <mi>e</mi> <mi>i</mi> <mo>,</mo> </msubsup></math>",MathML,1.0,Formula for calculation of the mean of the horizontal absolute positions of the remaining number of errors (NR).
FT30,,"<math xmlns=""http://www.w3.org/1998/Math/MathML""><msub> <mi>e</mi> <mrow> <mi>m</mi> <mi>a</mi> <mi>x</mi> </mrow> </msub><msub> <mi>e</mi> <mi>i</mi> </msub> <mo>&gt;</mo> <msub> <mi>e</mi> <mrow> <mi>m</mi> <mi>a</mi><mi>x</mi> </mrow> </msub></math>",MathML,1.0,"For a number of points (N), the measured positions are given as as xmi , ymi and zmi coordinates depending on the dimension in which the position of the point is measured. A corresponding set of coordinates, xti , yti and zti are considered to represent the true positions. 
All positional uncertainties above a defined threshold are then counted as error."
FT31,,"<math xmlns=""http://www.w3.org/1998/Math/MathML""><msub> <mi>e</mi> <mrow> <mi>m</mi> <mi>a</mi> <mi>x</mi> </mrow> </msub><msub> <mi>e</mi> <mi>i</mi> </msub> <mo>&gt;</mo> <msub> <mi>e</mi> <mrow> <mi>m</mi> <mi>a</mi><mi>x</mi> </mrow> </msub></math>",MathML,1.0,"For a number of points (N), the measured positions are given as as xmi , ymi and zmi coordinates depending on the dimension in which the position of the point is measured. A corresponding set of coordinates, xti , yti and zti are considered to represent the true positions. 
All positional uncertainties above a defined threshold are then counted as error."
FT32,1.0,"<math xmlns=""http://www.w3.org/1998/Math/MathML""><mi>x</mi> <mo>=</mo> <mfenced close=""]"" open=""[""> <mtable> <mtr> <mtd> <msub> <mi>x</mi> <mn>1</mn> </msub> </mtd> </mtr> <mtr> <mtd> <mo>⋮</mo> </mtd> </mtr> <mtr> <mtd> <msub> <mi>x</mi> <mi>n</mi> </msub> </mtd> </mtr> </mtable> </mfenced></math>",MathML,1.0, 1D coordinates (e.g. height data). Formula for vector-valued random variable.
FT32,2.0,"<math xmlns=""http://www.w3.org/1998/Math/MathML""><mstyle displaystyle=""false""> <munder> <mo>∑</mo> <mrow> <mi>x</mi> <mi>x</mi> </mrow> </munder> </mstyle> <mo>=</mo> <mfenced close=""]"" open=""[""> <mtable> <mtr> <mtd> <msubsup> <mi>σ</mi> <msub> <mi>x</mi> <mn>1</mn> </msub> <mn>2</mn> </msubsup> </mtd> <mtd> <mo>⋯</mo> </mtd> <mtd> <msub> <mi>σ</mi> <mrow> <msub> <mi>x</mi> <mn>1</mn> </msub> <msub> <mi>x</mi> <mi>n</mi> </msub> </mrow> </msub> </mtd> </mtr> <mtr> <mtd> <mo>⋮</mo> </mtd> <mtd> <mo>⋱</mo> </mtd> <mtd> <mo>⋮</mo> </mtd> </mtr> <mtr> <mtd> <msub> <mi>σ</mi> <mrow> <msub> <mi>x</mi> <mi>n</mi> </msub> <msub> <mi>x</mi> <mn>1</mn> </msub> </mrow> </msub> </mtd> <mtd> <mo>⋯</mo> </mtd> <mtd> <msubsup> <mi>σ</mi> <msub> <mi>x</mi> <mi>n</mi> </msub> <mn>2</mn> </msubsup> </mtd> </mtr> </mtable> </mfenced></math>
<math xmlns=""http://www.w3.org/1998/Math/MathML""><msub> <mi>σ</mi> <mrow> <msub> <mi>x</mi> <mn>1</mn> </msub> <msub> <mi>x</mi> <mi>n</mi> </msub> </mrow> </msub> <mo>=</mo> <msub> <mi>σ</mi> <mrow> <msub> <mi>x</mi> <mi>n</mi> </msub> <msub> <mi>x</mi> <mn>1</mn> </msub> </mrow> </msub></math>",MathML,1.0,"1D coordinates (e.g. height data). Formula for the covariance matrix of the vector-valued random variable.
"
FT32,3.0,"<math xmlns=""http://www.w3.org/1998/Math/MathML""><msub> <mi>σ</mi> <msub> <mi>x</mi> <mn>1</mn> </msub> </msub> <mo>=</mo> <msqrt> <msubsup> <mi>σ</mi> <msub> <mi>x</mi> <mn>1</mn> </msub> <mn>2</mn> </msubsup> </msqrt></math>",MathML,1.0,"1D coordinates (e.g. height data). Formula for the standard deviation of an element, e.g. x1
"
FT32,4.0,"<math xmlns=""http://www.w3.org/1998/Math/MathML""><msub> <mi>ρ</mi> <mrow> <msub> <mi>x</mi> <mi>i</mi> </msub> <msub> <mi>x</mi> <mi>j</mi> </msub> </mrow> </msub> <mo>=</mo> <mfrac> <msub> <mi>σ</mi> <mrow> <msub> <mi>x</mi> <mi>i</mi> </msub> <msub> <mi>x</mi> <mi>j</mi> </msub> </mrow> </msub> <mrow> <msub> <mi>σ</mi> <msub> <mi>x</mi> <mi>i</mi> </msub> </msub> <msub> <mi>σ</mi> <msub> <mi>x</mi> <mi>j</mi> </msub> </msub> </mrow> </mfrac></math>",MathML,1.0,"1D coordinates (e.g. height data). Formula for the correlation between two elements.
"
FT32,5.0,"<math xmlns=""http://www.w3.org/1998/Math/MathML""><mi>x</mi> <mo>=</mo> <mfenced close=""]"" open=""[""> <mtable> <mtr> <mtd> <msub> <mi>x</mi> <mn>1</mn> </msub> </mtd> </mtr> <mtr> <mtd> <msub> <mi>y</mi> <mn>1</mn> </msub> </mtd> </mtr> <mtr> <mtd> <mo>⋮</mo> </mtd> </mtr> <mtr> <mtd> <msub> <mi>x</mi> <mi>n</mi> </msub> </mtd> </mtr> <mtr> <mtd> <msub> <mi>y</mi> <mi>n</mi> </msub> </mtd> </mtr> </mtable> </mfenced></math>",MathML,1.0,"2D coordinates. Formula for the covariance matrix of the vector-valued random variable.
"
FT32,6.0,"<math xmlns=""http://www.w3.org/1998/Math/MathML""><mstyle displaystyle=""false""> <munder> <mo>∑</mo> <mrow> <mi>x</mi> <mi>x</mi> </mrow> </munder> </mstyle> <mo>=</mo> <mfenced close=""]"" open=""[""> <mtable> <mtr> <mtd> <msubsup> <mi>σ</mi> <msub> <mi>x</mi> <mn>1</mn> </msub> <mn>2</mn> </msubsup> </mtd> <mtd> <msub> <mi>σ</mi> <mrow> <msub> <mi>x</mi> <mn>1</mn> </msub> <msub> <mi>y</mi> <mn>1</mn> </msub> </mrow> </msub> </mtd> <mtd> <mo>⋯</mo> </mtd> <mtd> <msub> <mi>σ</mi> <mrow> <msub> <mi>x</mi> <mn>1</mn> </msub> <msub> <mi>y</mi> <mi>n</mi> </msub> </mrow> </msub> </mtd> </mtr> <mtr> <mtd> <msub> <mi>σ</mi> <mrow> <msub> <mi>y</mi> <mn>1</mn> </msub> <msub> <mi>x</mi> <mn>1</mn> </msub> </mrow> </msub> </mtd> <mtd> <msubsup> <mi>σ</mi> <msub> <mi>y</mi> <mn>1</mn> </msub> <mn>2</mn> </msubsup> </mtd> <mtd> <mo>⋯</mo> </mtd> <mtd> <msub> <mi>σ</mi> <mrow> <msub> <mi>y</mi> <mn>1</mn> </msub> <msub> <mi>y</mi> <mi>n</mi> </msub> </mrow> </msub> </mtd> </mtr> <mtr> <mtd> <mo>⋮</mo> </mtd> <mtd> <mo>⋮</mo> </mtd> <mtd> <mo>⋱</mo> </mtd> <mtd> <mo>⋮</mo> </mtd> </mtr> <mtr> <mtd> <msub> <mi>σ</mi> <mrow> <msub> <mi>y</mi> <mi>n</mi> </msub> <msub> <mi>x</mi> <mn>1</mn> </msub> </mrow> </msub> </mtd> <mtd> <msub> <mi>σ</mi> <mrow> <msub> <mi>y</mi> <mi>n</mi> </msub> <msub> <mi>y</mi> <mn>1</mn> </msub> </mrow> </msub> </mtd> <mtd> <mo>⋯</mo> </mtd> <mtd> <msubsup> <mi>σ</mi> <msub> <mi>y</mi> <mi>n</mi> </msub> <mn>2</mn> </msubsup> </mtd> </mtr> </mtable> </mfenced></math>",MathML,1.0,"2D coordinates. Formula for the covariance matrix of the vector-valued random variable.
"
FT32,7.0,"<math xmlns=""http://www.w3.org/1998/Math/MathML""><mi>x</mi> <mo>=</mo> <mfenced close=""]"" open=""[""> <mtable> <mtr> <mtd> <msub> <mi>x</mi> <mn>1</mn> </msub> </mtd> </mtr> <mtr> <mtd> <msub> <mi>y</mi> <mn>1</mn> </msub> </mtd> </mtr> <mtr> <mtd> <msub> <mi>z</mi> <mn>1</mn> </msub> </mtd> </mtr> <mtr> <mtd> <mo>⋮</mo> </mtd> </mtr> <mtr> <mtd> <msub> <mi>y</mi> <mi>n</mi> </msub> </mtd> </mtr> <mtr> <mtd> <msub> <mi>z</mi> <mi>n</mi> </msub> </mtd> </mtr> </mtable> </mfenced></math>",MathML,1.0,"3D coordinates. Formula for the covariance matrix of the vector-valued random variable.
"
FT32,8.0,"<math xmlns=""http://www.w3.org/1998/Math/MathML""><mstyle displaystyle=""false""> <munder> <mo>∑</mo> <mrow> <mi>x</mi> <mi>x</mi> </mrow> </munder> </mstyle> <mo>=</mo> <mfenced close=""]"" open=""[""> <mtable> <mtr> <mtd> <msubsup> <mi>σ</mi> <msub> <mi>x</mi> <mn>1</mn> </msub> <mn>2</mn> </msubsup> </mtd> <mtd> <msub> <mi>σ</mi> <mrow> <msub> <mi>x</mi> <mn>1</mn> </msub> <msub> <mi>y</mi> <mn>1</mn> </msub> </mrow> </msub> </mtd> <mtd> <msub> <mi>σ</mi> <mrow> <msub> <mi>x</mi> <mn>1</mn> </msub> <msub> <mi>z</mi> <mn>1</mn> </msub> </mrow> </msub> </mtd> <mtd> <mo>⋯</mo> </mtd> <mtd> <msub> <mi>σ</mi> <mrow> <msub> <mi>x</mi> <mn>1</mn> </msub> <msub> <mi>y</mi> <mi>n</mi> </msub> </mrow> </msub> </mtd> <mtd> <msub> <mi>σ</mi> <mrow> <msub> <mi>x</mi> <mn>1</mn> </msub> <msub> <mi>z</mi> <mi>n</mi> </msub> </mrow> </msub> </mtd> </mtr> <mtr> <mtd> <msub> <mi>σ</mi> <mrow> <msub> <mi>x</mi> <mn>1</mn> </msub> <msub> <mi>y</mi> <mn>1</mn> </msub> </mrow> </msub> </mtd> <mtd> <msubsup> <mi>σ</mi> <msub> <mi>y</mi> <mn>1</mn> </msub> <mn>2</mn> </msubsup> </mtd> <mtd> <msub> <mi>σ</mi> <mrow> <msub> <mi>y</mi> <mn>1</mn> </msub> <msub> <mi>z</mi> <mn>1</mn> </msub> </mrow> </msub> </mtd> <mtd> <mo>⋯</mo> </mtd> <mtd> <msub> <mi>σ</mi> <mrow> <msub> <mi>y</mi> <mn>1</mn> </msub> <msub> <mi>y</mi> <mi>n</mi> </msub> </mrow> </msub> </mtd> <mtd> <msub> <mi>σ</mi> <mrow> <msub> <mi>y</mi> <mn>1</mn> </msub> <msub> <mi>z</mi> <mi>n</mi> </msub> </mrow> </msub> </mtd> </mtr> <mtr> <mtd> <msub> <mi>σ</mi> <mrow> <msub> <mi>x</mi> <mn>1</mn> </msub> <msub> <mi>z</mi> <mn>1</mn> </msub> </mrow> </msub> </mtd> <mtd> <msub> <mi>σ</mi> <mrow> <msub> <mi>y</mi> <mn>1</mn> </msub> <msub> <mi>z</mi> <mn>1</mn> </msub> </mrow> </msub> </mtd> <mtd> <msubsup> <mi>σ</mi> <msub> <mi>z</mi> <mn>1</mn> </msub> <mn>2</mn> </msubsup> </mtd> <mtd> <mo>⋯</mo> </mtd> <mtd> <msub> <mi>σ</mi> <mrow> <msub> <mi>z</mi> <mn>1</mn> </msub> <msub> <mi>y</mi> <mi>n</mi> </msub> </mrow> </msub> </mtd> <mtd> <msub> <mi>σ</mi> <mrow> <msub> <mi>z</mi> <mn>1</mn> </msub> <msub> <mi>z</mi> <mi>n</mi> </msub> </mrow> </msub> </mtd> </mtr> <mtr> <mtd> <mo>⋮</mo> </mtd> <mtd> <mo>⋮</mo> </mtd> <mtd> <mo>⋮</mo> </mtd> <mtd> <mo>⋱</mo> </mtd> <mtd> <mo>⋮</mo> </mtd> <mtd> <mo>⋮</mo> </mtd> </mtr> <mtr> <mtd> <msub> <mi>σ</mi> <mrow> <msub> <mi>x</mi> <mn>1</mn> </msub> <msub> <mi>y</mi> <mi>n</mi> </msub> </mrow> </msub> </mtd> <mtd> <msub> <mi>σ</mi> <mrow> <msub> <mi>y</mi> <mn>1</mn> </msub> <msub> <mi>y</mi> <mi>n</mi> </msub> </mrow> </msub> </mtd> <mtd> <msub> <mi>σ</mi> <mrow> <msub> <mi>z</mi> <mn>1</mn> </msub> <msub> <mi>y</mi> <mi>n</mi> </msub> </mrow> </msub> </mtd> <mtd> <mo>⋯</mo> </mtd> <mtd> <msubsup> <mi>σ</mi> <msub> <mi>y</mi> <mi>n</mi> </msub> <mn>2</mn> </msubsup> </mtd> <mtd> <msub> <mi>σ</mi> <mrow> <msub> <mi>y</mi> <mi>n</mi> </msub> <msub> <mi>z</mi> <mi>n</mi> </msub> </mrow> </msub> </mtd> </mtr> <mtr> <mtd> <msub> <mi>σ</mi> <mrow> <msub> <mi>x</mi> <mn>1</mn> </msub> <msub> <mi>z</mi> <mi>n</mi> </msub> </mrow> </msub> </mtd> <mtd> <msub> <mi>σ</mi> <mrow> <msub> <mi>y</mi> <mn>1</mn> </msub> <msub> <mi>z</mi> <mi>n</mi> </msub> </mrow> </msub> </mtd> <mtd> <msub> <mi>σ</mi> <mrow> <msub> <mi>z</mi> <mn>1</mn> </msub> <msub> <mi>z</mi> <mi>n</mi> </msub> </mrow> </msub> </mtd> <mtd> <mo>⋯</mo> </mtd> <mtd> <msub> <mi>σ</mi> <mrow> <msub> <mi>y</mi> <mi>n</mi> </msub> <msub> <mi>z</mi> <mi>n</mi> </msub> </mrow> </msub> </mtd> <mtd> <msubsup> <mi>σ</mi> <msub> <mi>z</mi> <mi>n</mi> </msub> <mn>2</mn> </msubsup> </mtd> </mtr> </mtable> </mfenced></math>",MathML,1.0,"3D coordinates. Formula for the covariance matrix of the vector-valued random variable.
"
FT32,9.0,"<math xmlns=""http://www.w3.org/1998/Math/MathML""><mi>x</mi> <mo>=</mo> <mfenced close=""]"" open=""[""> <mtable> <mtr> <mtd> <mi>a</mi> </mtd> </mtr> <mtr> <mtd> <mi>b</mi> </mtd> </mtr> <mtr> <mtd> <mo>⋮</mo> </mtd> </mtr> <mtr> <mtd> <mi>z</mi> </mtd> </mtr> </mtable> </mfenced></math>",MathML,1.0,Arbitrary observables.  Formula for the covariance matrix of the vector-valued random variable.
FT32,10.0,"<math xmlns=""http://www.w3.org/1998/Math/MathML""><mstyle displaystyle=""false""> <munder> <mo>∑</mo> <mrow> <mi>x</mi> <mi>x</mi> </mrow> </munder> </mstyle> <mo>=</mo> <mfenced close=""]"" open=""[""> <mtable> <mtr> <mtd> <mi>σ</mi> <mfrac> <mn>2</mn> <mi>a</mi> </mfrac> </mtd> <mtd> <msub> <mi>σ</mi> <msub> <mi>b</mi> <mi>a</mi> </msub> </msub> </mtd> <mtd> <mo>…</mo> </mtd> <mtd> <msub> <mi>σ</mi> <msub> <mi>z</mi> <mi>a</mi> </msub> </msub> </mtd> </mtr> <mtr> <mtd> <msub> <mi>σ</mi> <mrow> <msub> <mi>a</mi> <mi>b</mi> </msub> <mo>=</mo> </mrow> </msub> <msub> <mi>σ</mi> <msub> <mi>b</mi> <mi>a</mi> </msub> </msub> </mtd> <mtd> <mi>σ</mi> <mfrac> <mn>2</mn> <mi>b</mi> </mfrac> </mtd> <mtd> <mo>…</mo> </mtd> <mtd> <msub> <mi>σ</mi> <msub> <mi>z</mi> <mi>b</mi> </msub> </msub> </mtd> </mtr> <mtr> <mtd> <mo>⋮</mo> </mtd> <mtd> <mo>⋮</mo> </mtd> <mtd> <mo>⋱</mo> </mtd> <mtd> <mo>⋮</mo> </mtd> </mtr> <mtr> <mtd> <msub> <mi>σ</mi> <mrow> <msub> <mi>a</mi> <mi>z</mi> </msub> <mo>=</mo> </mrow> </msub> <msub> <mi>σ</mi> <msub> <mi>z</mi> <mi>a</mi> </msub> </msub> </mtd> <mtd> <msub> <mi>σ</mi> <mrow> <msub> <mi>b</mi> <mi>z</mi> </msub> <mo>=</mo> </mrow> </msub> <msub> <mi>σ</mi> <msub> <mi>z</mi> <mi>b</mi> </msub> </msub> </mtd> <mtd> <mo>…</mo> </mtd> <mtd> <mi>σ</mi> <mfrac> <mn>2</mn> <mi>z</mi> </mfrac> </mtd> </mtr> </mtable> </mfenced></math>",MathML,1.0,Arbitrary observables.   Formula for the covariance matrix of the vector-valued random variable.
FT39,,"<math xmlns=""http://www.w3.org/1998/Math/MathML""><msub> <mi>σ</mi> <mi>z</mi> </msub> <mo>=</mo> <msqrt> <mfrac> <mn>1</mn> <mi>N</mi> </mfrac> <munderover> <mo>∑</mo> <mrow> <mi>i</mi> <mo>=</mo> <mn>1</mn> </mrow> <mi>N</mi> </munderover> <msup> <mfenced> <mrow> <msub> <mi>z</mi> <mrow> <mi>m</mi> <mi>i</mi> </mrow> </msub> <mo>-</mo> <msub> <mi>z</mi> <mi>t</mi> </msub> </mrow> </mfenced> <mn>2</mn> </msup> </msqrt></math>",MathML,1.0,s is the Root Mean Squeare Error and zt is the true values of the observable Z. Formula for the Root Mean Square Error (RMSE) of the observable.
FT40,1.0,"<math xmlns=""http://www.w3.org/1998/Math/MathML""><mi>δ</mi> <msub> <mi>V</mi> <mi>i</mi></msub> <mo>=</mo> <msub> <mi>V</mi> <mi>i</mi> </msub> <mo>-</mo> <msub> <mi>V</mi></math>
 for 
<math xmlns=""http://www.w3.org/1998/Math/MathML""> <mi>i</mi> </msub> <mi>i</mi> <mo>=</mo> <mn>1</mn> <mi>N</mi></math>",MathML,1.0,Calculate the absolute error in the vertical dimension at each point.
FT40,2.0,"<math xmlns=""http://www.w3.org/1998/Math/MathML""><mfenced close=""|"" open=""|""> <menclose notation=""top""> <mi>δ</mi> <mi>V</mi> </menclose> </mfenced> <mo>=</mo> <mfenced close=""|"" open=""|""> <mrow> <mfrac> <mn>1</mn> <mi>N</mi> </mfrac> <munderover> <mo>∑</mo> <mrow> <mi>i</mi> <mo>=</mo> <mn>1</mn> </mrow> <mi>N</mi> </munderover> </mrow> </mfenced></math>",MathML,1.0,Calculate the absolute value of the bias.
FT40,3.0,"<math xmlns=""http://www.w3.org/1998/Math/MathML""><msub> <mi>σ</mi> <mi>M</mi> </msub> <mo>=</mo> <msqrt> <mfrac> <mn>1</mn> <mi>N</mi> </mfrac> <munderover> <mo>∑</mo> <mrow> <mi>i</mi> <mo>=</mo> <mn>1</mn> </mrow> <mi>N</mi> </munderover> <mi>δ</mi> <msubsup> <mi>V</mi> <mi>i</mi> <mn>2</mn> </msubsup> </msqrt></math>",MathML,1.0,Calculate the linear standard deviation of measured differences between the tested product and the reference source.
FT40,4.0,"<math xmlns=""http://www.w3.org/1998/Math/MathML""><msub> <mi>σ</mi> <mi>R</mi> </msub> <mo>=</mo> <msqrt> <mfrac> <mn>1</mn> <mi>N</mi> </mfrac> <munderover> <mo>∑</mo> <mrow> <mi>i</mi> <mo>=</mo> <mn>1</mn> </mrow> <mi>N</mi> </munderover> <mi>δ</mi> <msubsup> <mi>V</mi> <mi>i</mi> <mn>2</mn> </msubsup> </msqrt></math>",MathML,1.0,Calculate the linear standard deviation of errors in the reference source.
FT40,5.0,"<math xmlns=""http://www.w3.org/1998/Math/MathML""><msub> <mi>σ</mi> <mi>V</mi> </msub> <mo>=</mo> <msqrt> <msubsup> <mi>σ</mi> <mi>M</mi> <mn>2</mn> </msubsup> <mo>+</mo> <msubsup> <mi>σ</mi> <mi>R</mi> <mn>2</mn> </msubsup> </msqrt></math>",MathML,1.0,Calculate the linear standard deviation of errors in the tested product.
FT40,6.0,"<math xmlns=""http://www.w3.org/1998/Math/MathML""><mo>=</mo> <mfrac> <mfenced close=""|"" open=""|""> <menclose notation=""top""> <mi>δ</mi> <mi>V</mi> </menclose> </mfenced> <msub> <mi>σ</mi> <mi>V</mi> </msub> </mfrac></math>",MathML,1.0,Calculate the ratio of the absolute value of the mean error to the standard deviation.
FT40,7.0,"<math xmlns=""http://www.w3.org/1998/Math/MathML""><mi>LMAS</mi><mo>=</mo> <msub> <mi>σ</mi> <mi>V</mi> </msub> <mo>·</mo> <mfenced close=""]"" open=""[""> <mrow> <mn>1</mn> <mo>,</mo> <mn>282</mn> <mo>+</mo> <mi>r</mi> <mi>a</mi> <mi>t</mi> <mi>i</mi> <mi>o</mi> </mrow> </mfenced></math>",MathML,1.0,If ratio > 1.4
FT40,8.0,"<math xmlns=""http://www.w3.org/1998/Math/MathML""><mi>LMAS</mi><mo>=</mo> <msub> <mi>σ</mi> <mi>V</mi> </msub> <mo>·</mo> <mfenced close=""]"" open=""[""> <mrow> <mn>1</mn> <mo>,</mo> <mn>6435</mn> <mo>+</mo> <mn>0</mn> <mo>,</mo> <mn>92</mn> <mo>+</mo> <mi>r</mi> <mi>a</mi> <mi>t</mi> <mi>i</mi> <msup> <mi>o</mi> <mn>2</mn> </msup> <mo>-</mo> <mn>0</mn> <mo>,</mo> <mn>28</mn> <mo>×</mo> <mi>r</mi> <mi>a</mi> <mi>t</mi> <mi>i</mi> <msup> <mi>o</mi> <mn>3</mn> </msup> </mrow> </mfenced></math>",MathML,1.0,If ratio ≤ 1.4
FT41,1.0,"<math xmlns=""http://www.w3.org/1998/Math/MathML""><mi>δ</mi> <msub> <mi>V</mi> <mi>i</mi></msub> <mo>=</mo> <msub> <mi>V</mi> <mi>i</mi> </msub> <mo>-</mo> <msub> <mi>V</mi></math>
 for 
<math xmlns=""http://www.w3.org/1998/Math/MathML""> <mi>i</mi> </msub> <mi>i</mi> <mo>=</mo> <mn>1</mn> <mi>N</mi></math>",MathML,1.0,Calculate the absolute error in the vertical dimension at each point.
FT41,2.0,"<math xmlns=""http://www.w3.org/1998/Math/MathML""><mfenced close=""|"" open=""|""> <menclose notation=""top""> <mi>δ</mi> <mi>V</mi> </menclose> </mfenced> <mo>=</mo> <mfenced close=""|"" open=""|""> <mrow> <mfrac> <mn>1</mn> <mi>N</mi> </mfrac> <munderover> <mo>∑</mo> <mrow> <mi>i</mi> <mo>=</mo> <mn>1</mn> </mrow> <mi>N</mi> </munderover> <mi>δ</mi> <msub> <mi>V</mi> <mn>1</mn> </msub> </mrow> </mfenced></math>",MathML,1.0,Calculate the mean vertical error.
FT41,3.0,"<math xmlns=""http://www.w3.org/1998/Math/MathML""><msub> <mi>σ</mi> <mi>V</mi> </msub> <mo>=</mo> <msqrt> <mfrac> <mn>1</mn> <mi>N</mi> </mfrac> <munderover> <mo>∑</mo> <mrow> <mi>i</mi> <mo>=</mo> <mn>1</mn> </mrow> <mi>N</mi> </munderover> <mi>δ</mi> <msubsup> <mi>V</mi> <mi>i</mi> <mn>2</mn> </msubsup> </msqrt></math>",MathML,1.0,Calculate the standard deviation of the vertical errors.
FT41,4.0,"<math xmlns=""http://www.w3.org/1998/Math/MathML""><mi>ratio</mi><mo>=</mo> <mfrac> <mfenced close=""|"" open=""|""> <menclose notation=""top""> <mi>δ</mi> <mi>V</mi> </menclose> </mfenced> <msub> <mi>σ</mi> <mi>V</mi> </msub> </mfrac></math>",MathML,1.0,Calculate the ratio of the absolute value of the mean error to the standard deviation.
FT41,5.0,"<math xmlns=""http://www.w3.org/1998/Math/MathML""><mi>k</mi> <mo>=</mo> <mn>1</mn> <mo>,</mo> <mn>2815</mn></math>",MathML,1.0,If ratio > 1.4
FT41,6.0,"<math xmlns=""http://www.w3.org/1998/Math/MathML""><mi>k</mi> <mo>=</mo> <mn>1</mn> <mo>,</mo> <mn>6435</mn> <mo>-</mo> <mfenced> <mrow> <mn>0</mn> <mo>,</mo> <mn>999556</mn> <mo>×</mo> <mi>r</mi> <mi>a</mi> <mi>t</mi> <mi>i</mi> <mi>o</mi> </mrow> </mfenced> <mo>+</mo> <mfenced> <mrow> <mn>0</mn> <mo>,</mo> <mn>923237</mn> <mo>×</mo> <mi>r</mi> <mi>a</mi> <mi>t</mi> <mi>i</mi> <msup> <mi>o</mi> <mn>2</mn> </msup> </mrow> </mfenced> <mo>-</mo> <mfenced> <mrow> <mn>0</mn> <mo>,</mo> <mn>282533</mn> <mo>×</mo> <mi>r</mi> <mi>a</mi> <mi>t</mi> <mi>i</mi> <msup> <mi>o</mi> <mn>3</mn> </msup> </mrow> </mfenced></math>",MathML,1.0,If ratio ≤ 1.4 then calculate k based on the ratio of the vertical bias to the standard deviation of the heights using a cubic polynomial fit through the tabular values as defined in CRC Handbook of Tables for Probability and Statistics (ISBN 9781315894027).
FT41,7.0,"<math xmlns=""http://www.w3.org/1998/Math/MathML""><mi>LE</mi> <msub> <mn>90</mn> <mi>source</mi> </msub> <mo>=</mo> <mfenced close=""|"" open=""|""> <mover> <mrow> <mi>δ</mi> <mi>V</mi> </mrow> <mo>¯</mo> </mover> </mfenced> <mo>+</mo> <mfenced> <mrow> <mi>k</mi> <mo>×</mo> <msub> <mi>σ</mi> <mi>V</mi> </msub> </mrow> </mfenced></math>",MathML,1.0,Compute LE90 for the source.
FT41,8.0,"<math xmlns=""http://www.w3.org/1998/Math/MathML""><mi>LE</mi> <msub> <mn>90</mn> <mi>abs</mi> </msub> <mo>=</mo> <msqrt> <mi>LE</mi> <msub> <mn>90</mn> <msup> <mi>reference</mi> <mn>2</mn> </msup> </msub> <mo>+</mo> <mi>LE</mi> <msub> <mn>90</mn> <msup> <mi>source</mi> <mn>2</mn> </msup> </msub> </msqrt></math>",MathML,1.0,Compute absolute LE90.
FT47,,"<math xmlns=""http://www.w3.org/1998/Math/MathML""><mi>σ</mi><mo>=</mo><msqrt><mfrac><mn>1</mn><mi>n</mi></mfrac><munderover><mo>∑</mo><mrow><mi>i</mi><mo>=</mo><mn>1</mn></mrow><mi>n</mi></munderover><mfenced close=""]"" open=""[""><mrow><msup><mfenced><mrow><msub><mi>x</mi><mrow><mi>m</mi><mi>i</mi></mrow></msub><mo>-</mo><msub><mi>x</mi><mi>t</mi></msub></mrow></mfenced><mn>2</mn></msup><mo>+</mo><msup><mfenced><mrow><msub><mi>y</mi><mrow><mi>m</mi><mi>i</mi></mrow></msub><mo>-</mo><msub><mi>y</mi><mi>t</mi></msub></mrow></mfenced><mn>2</mn></msup></mrow></mfenced></msqrt></math>",MathML,1.0,s is the Root Mean Squeare Error and xt and yt are the true values of the observed coordinates X and Y
FT48,1.0,"<math xmlns=""http://www.w3.org/1998/Math/MathML""><mi>δ</mi> <msub> <mi>X</mi> <mi>i</mi> </msub> <mo>=</mo> <mfenced> <mrow> <mi>source</mi> <msub> <mi>X</mi> <mi>i</mi> </msub> <mo>-</mo> <mi>reference</mi> <msub> <mi>X</mi> <mi>i</mi> </msub> </mrow> </mfenced></math></span>and <span class=""inline-formula""><math xmlns=""http://www.w3.org/1998/Math/MathML""> <mi>δ</mi> <msub> <mi>Y</mi> <mi>i</mi> </msub> <mo>=</mo> <mfenced> <mrow> <mi>source</mi> <msub> <mi>Y</mi> <mi>i</mi> </msub> <mo>-</mo> <mi>reference</mi> <msub> <mi>Y</mi> <mi>i</mi> </msub> </mrow> </mfenced></math></span>for <span class=""inline-formula""><math xmlns=""http://www.w3.org/1998/Math/MathML""> <mi>i</mi> <mo>=</mo> <mn>1</mn> <mo>.</mo> <mo>.</mo> <mo>.</mo> <mi>N</mi></math>",MathML,1.0,Calculate the absolute error in the horizontal dimension at each point and each coordinate Xi and Yi
FT48,2.0,"<math xmlns=""http://www.w3.org/1998/Math/MathML""><menclose notation=""top""> <mi>δ</mi> <mi>X</mi> </menclose> <mo>=</mo> <mfrac> <mn>1</mn> <mi>N</mi> </mfrac> <munderover> <mo>∑</mo> <mn>1</mn> <mi>N</mi> </munderover> <mi>δ</mi> <mi>X</mi> <mi>i</mi></math></span>and <span class=""inline-formula""><math xmlns=""http://www.w3.org/1998/Math/MathML""> <menclose notation=""top""> <mi>δ</mi> <mi>Y</mi> </menclose> <mo>=</mo> <mfrac> <mn>1</mn> <mi>N</mi> </mfrac> <munderover> <mo>∑</mo> <mn>1</mn> <mi>N</mi> </munderover> <mi>δ</mi> <msub> <mi>Y</mi> <mi>i</mi> </msub></math>",MathML,1.0,Calculate the mean horizontal error for each coordinate.
FT48,3.0,"<math xmlns=""http://www.w3.org/1998/Math/MathML""><msub> <mi>σ</mi> <mrow> <mi>C</mi> <mi>M</mi> </mrow> </msub> <mo>=</mo> <msqrt> <mfrac> <mn>1</mn> <mrow> <mn>2</mn> <mfenced> <mrow> <mi>N</mi> <mo>-</mo> <mn>1</mn> </mrow> </mfenced> </mrow> </mfrac> <mfenced> <mrow> <munderover> <mo>∑</mo> <mrow> <mi>i</mi> <mo>=</mo> <mn>1</mn> </mrow> <mi>N</mi> </munderover> <msup> <mfenced> <mrow> <mi>δ</mi> <msub> <mi>X</mi> <mi>i</mi> </msub> <mo>-</mo> <menclose notation=""top""> <mi>δ</mi> <mi>X</mi> </menclose> </mrow> </mfenced> <mn>2</mn> </msup> <mo>+</mo> <munderover> <mo>∑</mo> <mrow> <mi>i</mi> <mo>=</mo> <mn>1</mn> </mrow> <mi>N</mi> </munderover> <msup> <mfenced> <mrow> <mi>δ</mi> <msub> <mi>X</mi> <mi>i</mi> </msub> <mo>-</mo> <menclose notation=""top""> <mi>δ</mi> <mi>X</mi> </menclose> </mrow> </mfenced> <mn>2</mn> </msup> </mrow> </mfenced> </msqrt></math>",MathML,1.0,Calculate the circular standard deviation of measured differences between the tested product and the reference source.
FT48,4.0,"<math xmlns=""http://www.w3.org/1998/Math/MathML""><msub> <mi>σ</mi> <mrow> <mi>C</mi> <mi>R</mi> </mrow> </msub> <mo>=</mo> <msqrt> <mfrac> <mn>1</mn> <mrow> <mn>2</mn> <mfenced> <mrow> <mi>N</mi> <mo>-</mo> <mn>1</mn> </mrow> </mfenced> </mrow> </mfrac> <mfenced> <mrow> <munderover> <mo>∑</mo> <mrow> <mi>i</mi> <mo>=</mo> <mn>1</mn> </mrow> <mi>N</mi> </munderover> <msup> <mfenced> <mrow> <mi>δ</mi> <msub> <mi>X</mi> <mi>i</mi> </msub> <mo>-</mo> <menclose notation=""top""> <mi>δ</mi> <mi>X</mi> </menclose> </mrow> </mfenced> <mn>2</mn> </msup> <mo>+</mo> <munderover> <mo>∑</mo> <mrow> <mi>i</mi> <mo>=</mo> <mn>1</mn> </mrow> <mi>N</mi> </munderover> <msup> <mfenced> <mrow> <mi>δ</mi> <msub> <mi>X</mi> <mi>i</mi> </msub> <mo>-</mo> <menclose notation=""top""> <mi>δ</mi> <mi>X</mi> </menclose> </mrow> </mfenced> <mn>2</mn> </msup> </mrow> </mfenced> </msqrt></math>",MathML,1.0,Calculate the circular standard deviation of errors in the reference source.
FT48,5.0,"<math xmlns=""http://www.w3.org/1998/Math/MathML""><msub> <mi>σ</mi> <mi>C</mi> </msub> <mo>=</mo> <msqrt> <msubsup> <mi>σ</mi> <mrow> <mi>C</mi> <mi>M</mi> </mrow> <mn>2</mn> </msubsup> <mo>+</mo> <msubsup> <mi>σ</mi> <mrow> <mi>C</mi> <mi>R</mi> </mrow> <mn>2</mn> </msubsup> </msqrt></math>",MathML,1.0,Calculate the circular standard deviation of errors in the tested product.
FT48,6.0,"<math xmlns=""http://www.w3.org/1998/Math/MathML""><mi>CMAS</mi><mo>=</mo> <msub> <mi>σ</mi> <mi>C</mi> </msub> <mo>·</mo> <mfenced close=""]"" open=""[""> <mrow> <mn>1</mn> <mo>,</mo> <mn>2943</mn> <mo>+</mo> <msqrt> <mfenced> <mfrac> <mrow> <msup> <menclose notation=""top""> <mi>δ</mi> <mi>X</mi> </menclose> <mn>2</mn> </msup> <mo>+</mo> <msup> <menclose notation=""top""> <mi>δ</mi> <mi>Y</mi> </menclose> <mn>2</mn> </msup> </mrow> <msub> <mi>σ</mi> <mi>C</mi> </msub> </mfrac> </mfenced> <mo>+</mo> <mn>0</mn> <mo>,</mo> <mn>7254</mn> </msqrt> </mrow> </mfenced></math>",MathML,1.0,Compute abolute circular error at 90% confidence level of biased data (CMAS).
FT49,1.0,"<math xmlns=""http://www.w3.org/1998/Math/MathML""><mi>∆</mi><msub><mi>H</mi><mi>i</mi></msub><mo>=</mo><msqrt><msup><mfenced><mrow><mi>source</mi><msub><mi>X</mi><mi>i</mi></msub><mo>-</mo><mi>reference</mi><msub><mi>X</mi><mi>i</mi></msub></mrow></mfenced><mn>2</mn></msup><mo>+</mo><msup><mfenced><mrow><mi>source</mi><msub><mi>Y</mi><mi>i</mi></msub><mo>-</mo><mi>reference</mi><msub><mi>Y</mi><mi>i</mi></msub></mrow></mfenced><mn>2</mn></msup></msqrt></math>",MathML,1.0,For i=1..N calculate the absolute error in the horizontal dimension at each point.
FT49,2.0,"<math xmlns=""http://www.w3.org/1998/Math/MathML""><msub><mi>μ</mi><mi>H</mi></msub><mo>=</mo><mfrac bevelled=""true""><mfenced><mrow><mo>∑</mo><mo mathvariant=""italic"">∆</mo><msub><mi>H</mi><mi>i</mi></msub></mrow></mfenced><mi>N</mi></mfrac></math>",MathML,1.0,Calculate the mean horizontal error
FT49,3.0,"<math xmlns=""http://www.w3.org/1998/Math/MathML""><msub><mi>σ</mi><mi>H</mi></msub><mo>=</mo><msqrt><mfrac bevelled=""true""><mrow><mo>∑</mo><msup><mfenced><mrow><mo mathvariant=""italic"">∆</mo><msub><mi>H</mi><mi>i</mi></msub><mo>-</mo><msub><mi>μ</mi><mi>H</mi></msub></mrow></mfenced><mn>2</mn></msup></mrow><mfenced><mrow><mi>N</mi><mo>-</mo><mn>1</mn></mrow></mfenced></mfrac></msqrt></math>",MathML,1.0,Calculate the standard deviation of the horizontal errors
FT49,4.0,"<math xmlns=""http://www.w3.org/1998/Math?MathML""><mo>=</mo><mfrac bevelled=""true""><mfenced close=""|"" open=""|""><msub><mi>μ</mi><mi>H</mi></msub></mfenced><msub><mi>σ</mi><mi>H</mi></msub></mfrac></math>",MathML,1.0,Calculate the ratio of the absolute value of the mean error to the standard deviation
FT49,5.0,"<math xmlns=""http://www.w3.org/1998/Math/MathML""><mi>k</mi><mo>=</mo><mn>1</mn><mo>,</mo><mn>2815</mn></math>",MathML,1.0,If ratio > 1.4
FT49,6.0,"<math xmlns=""http://www.w3.org/1998/Math/MathML""><mi>k</mi><mo>=</mo><mn>1</mn><mo>,</mo><mn>6435</mn><mo>-</mo><mfenced><mrow><mn>0</mn><mo>,</mo><mn>999556</mn><mo>×</mo><mi>ratio</mi></mrow></mfenced><mo>+</mo><mfenced><mrow><mn>0</mn><mo>,</mo><mn>923237</mn><mo>×</mo><msup><mi>ratio</mi><mn>2</mn></msup></mrow></mfenced><mo>-</mo><mfenced><mrow><mn>0</mn><mo>,</mo><mn>282533</mn><mo>×</mo><msup><mi>ratio</mi><mn>3</mn></msup></mrow></mfenced></math>",MathML,1.0,"If ratio ≤ 1.4 then calculate k, the ratio of the mean to the standard deviation, using a cubic polynomial fit through the tabular values as defined in the CRC Handbook of Tables for Probability and Statistics (ISBN 13: 9780849306921)"
FT49,7.0,"<math xmlns=""http://www.w3.org/1998/Math/MathML""><mi>CE</mi><msub><mn>90</mn><mi>source</mi></msub><mo>=</mo><mfenced close=""|"" open=""|""><msub><mi>μ</mi><mi>H</mi></msub></mfenced><mo>+</mo><mfenced><mrow><mi>k</mi><mo>×</mo><msub><mi>σ</mi><mi>H</mi></msub></mrow></mfenced></math>",MathML,1.0,Compute CE90 for the source
FT49,8.0,"<math xmlns=""http://www.w3.org/1998/Math/MathML""><mi>CE</mi><msub><mn>90</mn><mi>abs</mi></msub><mo>=</mo><msqrt><mi>CE</mi><msup><msub><mn>90</mn><mi>reference</mi></msub><mn>2</mn></msup><mo>+</mo><mi>CE</mi><msup><msub><mn>90</mn><mi>source</mi></msub><mn>2</mn></msup></msqrt></math>",MathML,1.0,Compute absolute CE90
FT50,1.0,"<math xmlns=""http://www.w3.org/1998/Math/MathML""><mi>ϕ</mi> <mo>=</mo> <mfrac> <mn>1</mn> <mn>2</mn> </mfrac> <mi>arctan</mi> <mfrac> <mrow> <mn>2</mn> <msub> <mi>σ</mi> <mrow> <msub> <mi>x</mi> <mi>k</mi> </msub> <msub> <mi>y</mi> <mi>k</mi> </msub> </mrow> </msub> </mrow> <mrow> <msubsup> <mi>σ</mi> <msub> <mi>x</mi> <mi>k</mi> </msub> <mn>2</mn> </msubsup> <mo>-</mo> <msubsup> <mi>σ</mi> <msub> <mi>y</mi> <mi>k</mi> </msub> <mn>2</mn> </msubsup> </mrow> </mfrac></math>",MathML,1.0,Calculate the direction (bearing) of the major semi-axis of the uncertainty ellipse.
FT50,2.0,"<math xmlns=""http://www.w3.org/1998/Math/MathML""><mi>a</mi> <mo>=</mo> <msqrt> <mfrac> <mn>1</mn> <mn>2</mn> </mfrac> <mfenced> <mrow> <msubsup> <mi>σ</mi> <msub> <mi>x</mi> <mi>k</mi> </msub> <mn>2</mn> </msubsup> <mo>+</mo> <msubsup> <mi>σ</mi> <msub> <mi>y</mi> <mi>k</mi> </msub> <mn>2</mn> </msubsup> <mo>+</mo> <msqrt> <msup> <mfenced> <mrow> <msubsup> <mi>σ</mi> <msub> <mi>x</mi> <mi>k</mi> </msub> <mn>2</mn> </msubsup> <mo>-</mo> <msubsup> <mi>σ</mi> <msub> <mi>y</mi> <mi>k</mi> </msub> <mn>2</mn> </msubsup> </mrow> </mfenced> <mn>2</mn> </msup> <mo>+</mo> <mn>4</mn> <msubsup> <mi>σ</mi> <mrow> <msub> <mi>x</mi> <mi>k</mi> </msub> <msub> <mi>x</mi> <mi>k</mi> </msub> </mrow> <mn>2</mn> </msubsup> </msqrt> </mrow> </mfenced> </msqrt></math>",MathML,1.0,Calculation of the uncertainty ellipse's major semi-axis length.
FT50,3.0,"<math xmlns=""http://www.w3.org/1998/Math/MathML""><mi>b</mi> <mo>=</mo> <msqrt> <mfrac> <mn>1</mn> <mn>2</mn> </mfrac> <mfenced> <mrow> <msubsup> <mi>σ</mi> <msub> <mi>x</mi> <mi>k</mi> </msub> <mn>2</mn> </msubsup> <mo>+</mo> <msubsup> <mi>σ</mi> <msub> <mi>y</mi> <mi>k</mi> </msub> <mn>2</mn> </msubsup> <mo>-</mo> <msqrt> <msup> <mfenced> <mrow> <msubsup> <mi>σ</mi> <msub> <mi>x</mi> <mi>k</mi> </msub> <mn>2</mn> </msubsup> <mo>-</mo> <msubsup> <mi>σ</mi> <msub> <mi>y</mi> <mi>k</mi> </msub> <mn>2</mn> </msubsup> </mrow> </mfenced> <mn>2</mn> </msup> <mo>+</mo> <mn>4</mn> <msubsup> <mi>σ</mi> <mrow> <msub> <mi>x</mi> <mi>k</mi> </msub> <msub> <mi>x</mi> <mi>k</mi> </msub> </mrow> <mn>2</mn> </msubsup> </msqrt> </mrow> </mfenced> </msqrt></math>",MathML,1.0,Calculation of the uncertainty ellipse's minor semi-axis length.
FT51,1.0,"<math xmlns=""http://www.w3.org/1998/Math/MathML""><mi>ϕ</mi> <mo>=</mo> <mfrac> <mn>1</mn> <mn>2</mn> </mfrac> <mi>arctan</mi> <mfrac> <mrow> <mn>2</mn> <msub> <mi>σ</mi> <mrow> <msub> <mi>x</mi> <mi>k</mi> </msub> <msub> <mi>y</mi> <mi>k</mi> </msub> </mrow> </msub> </mrow> <mrow> <msubsup> <mi>σ</mi> <msub> <mi>x</mi> <mi>k</mi> </msub> <mn>2</mn> </msubsup> <mo>-</mo> <msubsup> <mi>σ</mi> <msub> <mi>y</mi> <mi>k</mi> </msub> <mn>2</mn> </msubsup> </mrow> </mfrac></math>",MathML,1.0,Calculate the direction (bearing) of the major semi-axis of the confidence ellipse.
FT51,2.0,"<math xmlns=""http://www.w3.org/1998/Math/MathML""><mi>a</mi> <mo>=</mo> <msqrt> <mfrac> <mn>1</mn> <mn>2</mn> </mfrac> <msubsup> <mi>χ</mi> <mrow> <mn>1</mn> <mo>-</mo> <mi>α</mi> </mrow> <mn>2</mn> </msubsup> <mfenced> <mn>2</mn> </mfenced> <mfenced> <mrow> <msubsup> <mi>σ</mi> <msub> <mi>x</mi> <mi>k</mi> </msub> <mn>2</mn> </msubsup> <mo>+</mo> <msubsup> <mi>σ</mi> <msub> <mi>y</mi> <mi>k</mi> </msub> <mn>2</mn> </msubsup> <mo>+</mo> <msqrt> <msup> <mfenced> <mrow> <msubsup> <mi>σ</mi> <msub> <mi>x</mi> <mi>k</mi> </msub> <mn>2</mn> </msubsup> <mo>-</mo> <msubsup> <mi>σ</mi> <msub> <mi>y</mi> <mi>k</mi> </msub> <mn>2</mn> </msubsup> </mrow> </mfenced> <mn>2</mn> </msup> <mo>+</mo> <mn>4</mn> <msubsup> <mi>σ</mi> <mrow> <msub> <mi>x</mi> <mi>k</mi> </msub> <msub> <mi>x</mi> <mi>k</mi> </msub> </mrow> <mn>2</mn> </msubsup> </msqrt> </mrow> </mfenced> </msqrt></math>",MathML,1.0,Calculation of the confidence ellipse's major semi-axis length.
FT51,3.0,"<math xmlns=""http://www.w3.org/1998/Math/MathML""><mi>b</mi> <mo>=</mo> <msqrt> <mfrac> <mn>1</mn> <mn>2</mn> </mfrac> <msubsup> <mi>χ</mi> <mrow> <mn>1</mn> <mo>-</mo> <mi>α</mi> </mrow> <mn>2</mn> </msubsup> <mfenced> <mn>2</mn> </mfenced> <mfenced> <mrow> <msubsup> <mi>σ</mi> <msub> <mi>x</mi> <mi>k</mi> </msub> <mn>2</mn> </msubsup> <mo>-</mo> <msubsup> <mi>σ</mi> <msub> <mi>y</mi> <mi>k</mi> </msub> <mn>2</mn> </msubsup> <mo>-</mo> <msqrt> <msup> <mfenced> <mrow> <msubsup> <mi>σ</mi> <msub> <mi>x</mi> <mi>k</mi> </msub> <mn>2</mn> </msubsup> <mo>-</mo> <msubsup> <mi>σ</mi> <msub> <mi>y</mi> <mi>k</mi> </msub> <mn>2</mn> </msubsup> </mrow> </mfenced> <mn>2</mn> </msup> <mo>+</mo> <mn>4</mn> <msubsup> <mi>σ</mi> <mrow> <msub> <mi>x</mi> <mi>k</mi> </msub> <msub> <mi>x</mi> <mi>k</mi> </msub> </mrow> <mn>2</mn> </msubsup> </msqrt> </mrow> </mfenced> </msqrt></math>",MathML,1.0,Calculation of the confidence ellipse's minor semi-axis length.
FT52,1.0,"<math xmlns=""http://www.w3.org/1998/Math/MathML""><mi>Point Pair Combinations</mi> <mo>=</mo> <mi>m</mi> <mo>=</mo> <mi>n</mi> <mfenced> <mrow> <mi>n</mi> <mn>1</mn> </mrow> </mfenced> <mo>/</mo> <mn>2</mn></math>",MathML,1.0,Determine all possible point pair combinations.
FT52,2.0,"<math xmlns=""http://www.w3.org/1998/Math/MathML""><mo mathvariant=""italic"">∆</mo> <msub> <mi>Z</mi> <mi>i</mi> </msub> <mo>=</mo> <mi>Measured</mi> <mo></mo> <msub> <mi>Height</mi> <mi>i</mi> </msub> <mo></mo> <mi>True</mi> <mo></mo> <msub> <mi>Height</mi> <mn>1</mn> </msub></math>
for
<math xmlns=""http://www.w3.org/1998/Math/MathML""> <mo>=</mo> <mn>1</mn> <mo>.</mo> <mo>.</mo> <mo>.</mo> <mi>n</mi></math>",MathML,1.0,Calculate the absolute vertical error at each point.
FT52,3.0,"<math xmlns=""http://www.w3.org/1998/Math/MathML""><mo mathvariant=""italic"">∆</mo> <msub> <mi>Z</mi> <mi>rel</mi> </msub> <msub> <mo></mo> <mrow> <mi>k</mi> <mi>j</mi> </mrow> </msub> <mo>=</mo> <mo mathvariant=""italic"">∆</mo> <msub> <mi>Z</mi> <mi>k</mi> </msub> <mo></mo> <mo mathvariant=""italic"">∆</mo> <msub> <mi>Z</mi> <mi>j</mi> </msub></math>
for
<math xmlns=""http://www.w3.org/1998/Math/MathML""><mi>k</mi> <mo>=</mo> <mn>1</mn> <mo>.</mo> <mo>.</mo> <mo>.</mo> <mi>m</mi> <mo></mo> <mn>1</mn></math>, <math xmlns=""http://www.w3.org/1998/Math/MathML""><mi mathvariant=""normal"">j</mi> <mo>=</mo> <mi>k</mi> <mo>+</mo> <mn>1</mn></math>,<math xmlns=""http://www.w3.org/1998/Math/MathML""><mo>.</mo> <mo>.</mo> <mo>.</mo> <mi>m</mi></math>",MathML,1.0,Calculate the relative vertical error for all point pair combinations.
FT52,4.0,"<math xmlns=""http://www.w3.org/1998/Math/MathML""><msub> <mi>σ</mi> <mrow> <mi>Z</mi> <mi>rel</mi> </mrow> </msub> <mo>=</mo> <msqrt> <mfrac> <mrow> <mo>∑</mo> <mo mathvariant=""italic"">∆</mo> <msup> <msub> <mi>Z</mi> <mi>rel</mi> </msub> <mn>2</mn> </msup> </mrow> <mrow> <mi>m</mi> <mo>-</mo> <mn>1</mn> </mrow> </mfrac> </msqrt></math>",MathML,1.0,Calculate the relative standard deviation.
FT52,5.0,"<math xmlns=""http://www.w3.org/1998/Math/MathML""><mi>Rel LE90</mi><mo>=</mo> <mn>1</mn> <mo>,</mo> <mn>645</mn> <mo></mo> <msub> <mi>σ</mi> <mrow> <mi>Z</mi> <mi>rel</mi> </mrow> </msub></math>",MathML,1.0,Calculate the Relative LE by converting the sigma to a 90% statistics.
FT53,1.0,"<math xmlns=""http://www.w3.org/1998/Math/MathML""><mi>Point Pair Combinations</mi> <mo>=</mo> <mi>m</mi> <mo>=</mo> <mi>n</mi> <mfenced> <mrow> <mi>n</mi> <mn>1</mn> </mrow> </mfenced> <mo>/</mo> <mn>2</mn></math>",MathML,1.0,Determine all possible point pair combinations.
FT53,2.0,"<math xmlns=""http://www.w3.org/1998/Math/MathML""><mo mathvariant=""italic"">∆</mo> <msub> <mi>X</mi> <mi>i</mi> </msub> <mo>=</mo> <mi>Measured</mi> <mo></mo> <msub> <mi>X</mi> <mi>i</mi> </msub> <mo></mo> <mi>True</mi> <mo></mo> <msub> <mi>X</mi> <mn>1</mn> </msub></math>
for
<math xmlns=""http://www.w3.org/1998/Math/MathML""><mi>i</mi> <mo>=</mo> <mn>1</mn> <mo>.</mo> <mo>.</mo> <mo>.</mo> <mi>n</mi></math>

<math xmlns=""http://www.w3.org/1998/Math/MathML""><mo mathvariant=""italic"">∆</mo> <msub> <mi>Y</mi> <mi>i</mi> </msub> <mo>=</mo> <mi>Measured</mi> <mo></mo> <msub> <mi>Y</mi> <mi>i</mi> </msub> <mo></mo> <mi>True</mi> <mo></mo> <msub> <mi>Y</mi> <mn>1</mn> </msub></math>
for
<math xmlns=""http://www.w3.org/1998/Math/MathML""><mi>i</mi> <mo>=</mo> <mn>1</mn> <mo>.</mo> <mo>.</mo> <mo>.</mo> <mi>n</mi></math>",MathML,1.0,Calculate the absolute error in the X and Y dimensions at each point.
FT53,3.0,"<math xmlns=""http://www.w3.org/1998/Math/MathML""><mo mathvariant=""italic"">∆</mo> <msub> <mi>X</mi> <mi>rel</mi> </msub> <msub> <mo></mo> <mrow> <mi>k</mi> <mi>j</mi> </mrow> </msub> <mo>=</mo> <mo mathvariant=""italic"">∆</mo> <msub> <mi>X</mi> <mi>k</mi> </msub> <mo></mo> <mo mathvariant=""italic"">∆</mo> <msub> <mi>X</mi> <mi>j</mi> </msub></math>
for
<math xmlns=""http://www.w3.org/1998/Math/MathML""><mi>k</mi> <mo>=</mo> <mn>1</mn> <mo>.</mo> <mo>.</mo> <mo>.</mo> <mi>m</mi> <mo></mo> <mn>1</mn></math>, for
<math xmlns=""http://www.w3.org/1998/Math/MathML""> <mi>j</mi> <mo>=</mo> <mi>k</mi> <mo>+</mo> <mn>1</mn></math>, <math xmlns=""http://www.w3.org/1998/Math/MathML""><mo>.</mo><mo>.</mo><mo>.</mo><mi>m</mi></math>

<math xmlns=""http://www.w3.org/1998/Math/MathML""><mo mathvariant=""italic"">∆</mo> <msub> <mi>Y</mi> <mi>rel</mi> </msub> <msub> <mo></mo> <mrow> <mi>k</mi> <mi>j</mi> </mrow> </msub> <mo>=</mo> <mo mathvariant=""italic"">∆</mo> <msub> <mi>Y</mi> <mi>k</mi> </msub> <mo></mo> <mo mathvariant=""italic"">∆</mo> <msub> <mi>Y</mi> <mi>j</mi> </msub></math>
for
<math xmlns=""http://www.w3.org/1998/Math/MathML""><mi>k</mi> <mo>=</mo> <mn>1</mn> <mo>.</mo> <mo>.</mo> <mo>.</mo> <mi>m</mi> <mo></mo> <mn>1</mn></math> , <math xmlns=""http://www.w3.org/1998/Math/MathML""><mi>j</mi> <mo>=</mo> <mi>k</mi> <mo>+</mo> <mn>1</mn></math> , <math xmlns=""http://www.w3.org/1998/Math/MathML""><mo>.</mo> <mo>.</mo> <mo>.</mo> <mi>m</mi></math>",MathML,1.0,Calculate the relative error in X and Y for all point pair combinations.
FT53,4.0,"<math xmlns=""http://www.w3.org/1998/Math/MathML""><msub> <mi>σ</mi> <mrow> <mi>X</mi> <mi>rel</mi> </mrow> </msub> <mo>=</mo> <msqrt> <mfrac> <mrow> <mo>∑</mo> <mo mathvariant=""italic"">∆</mo> <msup> <msub> <mi>X</mi> <mi>rel</mi> </msub> <mn>2</mn> </msup> </mrow> <mrow> <mi>m</mi> <mo>-</mo> <mn>1</mn> </mrow> </mfrac> </msqrt></math>

<math xmlns=""http://www.w3.org/1998/Math/MathML""><msub> <mi>σ</mi> <mrow> <mi>Y</mi> <mi>rel</mi> </mrow> </msub> <mo>=</mo> <msqrt> <mfrac> <mrow> <mo>∑</mo> <mo mathvariant=""italic"">∆</mo> <msup> <msub> <mi>Y</mi> <mi>rel</mi> </msub> <mn>2</mn> </msup> </mrow> <mrow> <mi>m</mi> <mo>-</mo> <mn>1</mn> </mrow> </mfrac> </msqrt></math>",MathML,1.0,Calculate the relative standard deviations in each axis.
FT53,5.0,"<math xmlns=""http://www.w3.org/1998/Math/MathML""><msub> <mi>σ</mi> <mrow> <mi>H</mi> <mi>rel</mi> </mrow> </msub> <mo>=</mo> <msqrt> <mfrac> <mrow> <msup> <msub> <mi>σ</mi> <mrow> <mi>X</mi> <mi>rel</mi> </mrow> </msub> <mn>2</mn> </msup> <mo>+</mo> <msup> <msub> <mi>σ</mi> <mrow> <mi>Y</mi> <mi>rel</mi> </mrow> </msub> <mn>2</mn> </msup> </mrow> <mn>2</mn> </mfrac> </msqrt></math>",MathML,1.0,Calculate the relative horizontal standard deviation.
FT53,6.0,"<math xmlns=""http://www.w3.org/1998/Math/MathML""><mi>Rel CE90</mi><mo>=</mo> <mn>2</mn> <mo>,</mo> <mn>146</mn> <msub> <mi>σ</mi> <mrow> <mi>H</mi> <mi>rel</mi> </mrow> </msub></math>",MathML,1.0,Calculate the relative CE by converting the sigma to a 90% significance level.
FT64,,"<math xmlns=""http://www.w3.org/1998/Math/MathML""><mi>κ</mi> <mo>=</mo> <mfrac> <mrow> <mi>N</mi> <mo>·</mo> <mstyle displaystyle=""true""> <munderover> <mo>∑</mo> <mrow> <mi>i</mi> <mo>=</mo> <mn>1</mn> </mrow> <mi>r</mi> </munderover> </mstyle> <mi>M</mi> <mi>C</mi> <mi>M</mi> <mfenced> <mrow> <mi>i</mi> <mo>,</mo> <mi>i</mi> </mrow> </mfenced> <mo>-</mo> <mstyle displaystyle=""true""> <munderover> <mo>∑</mo> <mrow> <mi>i</mi> <mo>=</mo> <mn>1</mn> </mrow> <mi>r</mi> </munderover> </mstyle> <mfenced> <mrow> <mstyle displaystyle=""true""> <munderover> <mo>∑</mo> <mrow> <mi>j</mi> <mo>=</mo> <mn>1</mn> </mrow> <mi>r</mi> </munderover> </mstyle> <mi>M</mi> <mi>C</mi> <mi>M</mi> <mfenced> <mrow> <mi>i</mi> <mo>,</mo> <mi>j</mi> </mrow> </mfenced> <mo>·</mo> <mstyle displaystyle=""true""> <munderover> <mo>∑</mo> <mrow> <mi>j</mi> <mo>=</mo> <mn>1</mn> </mrow> <mi>r</mi> </munderover> </mstyle> <mi>M</mi> <mi>C</mi> <mi>M</mi> <mfenced> <mrow> <mi>j</mi> <mo>,</mo> <mi>i</mi> </mrow> </mfenced> </mrow> </mfenced> </mrow> <mrow> <msup> <mi>N</mi> <mn>2</mn> </msup> <mo>-</mo> <mstyle displaystyle=""true""> <munderover> <mo>∑</mo> <mrow> <mi>i</mi> <mo>=</mo> <mn>1</mn> </mrow> <mi>r</mi> </munderover> </mstyle> <mfenced> <mrow> <mstyle displaystyle=""true""> <munderover> <mo>∑</mo> <mrow> <mi>j</mi> <mo>=</mo> <mn>1</mn> </mrow> <mi>r</mi> </munderover> </mstyle> <mi>M</mi> <mi>C</mi> <mi>M</mi> <mfenced> <mrow> <mi>i</mi> <mo>,</mo> <mi>j</mi> </mrow> </mfenced> <mo>·</mo> <mstyle displaystyle=""true""> <munderover> <mo>∑</mo> <mrow> <mi>j</mi> <mo>=</mo> <mn>1</mn> </mrow> <mi>r</mi> </munderover> </mstyle> <mi>M</mi> <mi>C</mi> <mi>M</mi> <mfenced> <mrow> <mi>j</mi> <mo>,</mo> <mi>i</mi> </mrow> </mfenced> </mrow> </mfenced> </mrow> </mfrac></math>",MathML,1.0,N is the number of classified items in a misclassification matrix.
FTsd1,,"<math xmlns=""http://www.w3.org/1998/Math/MathML""><msub><mi>&#x3c3;</mi><mi>Z</mi></msub><mo>=</mo><msqrt><mrow><mfrac><mn>1</mn><mi>N</mi></mfrac><munderover accent='false' accentunder='false'><mo>&#x2211;</mo><mrow><mi>i</mi><mo>=</mo><mn>1</mn></mrow><mi>N</mi></munderover><mrow><mo>(</mo><mrow><msub><mi>z</mi><mrow><mi>m</mi><mi>i</mi></mrow></msub><mo>-</mo><msub><mi>z</mi><mi>t</mi></msub></mrow></mrow><msup><mo>)</mo><mn>2</mn></msup></mrow></msqrt></math>",MathML,1.0,"N is a number of observations
zmi is the ith measurement
zt is the true value"
FTsd2,,"<math xmlns=""http://www.w3.org/1998/Math/MathML""><msub><mi>S</mi><mi>Z</mi></msub><mo>=</mo><msqrt><mrow><mfrac><mn>1</mn><mi>N</mi></mfrac><munderover accent='false' accentunder='false'><mo>&#x2211;</mo><mrow><mi>i</mi><mo>=</mo><mn>1</mn></mrow><mi>N</mi></munderover><mrow><mo>(</mo><mrow><msub><mi>z</mi><mrow><mi>m</mi><mi>i</mi></mrow></msub><mo>-</mo><msub><mi>z</mi><mi>t</mi></msub></mrow></mrow><msup><mo>)</mo><mn>2</mn></msup></mrow></msqrt></math>",MathML,1.0,"N is a number of observations
zmi is the ith measurement
zt is the estimated true value from the mean of all observations "
FTsd1_LE50,,"<math xmlns=""http://www.w3.org/1998/Math/MathML""><mi>L</mi><mi>E</mi><mn>50</mn><mo>=</mo><mn>0.6745</mn><mo>&#xd7;</mo><msqrt><mrow><mfrac><mn>1</mn><mi>N</mi></mfrac><munderover accent='false' accentunder='false'><mo>&#x2211;</mo><mrow><mi>i</mi><mo>=</mo><mn>1</mn></mrow><mi>N</mi></munderover><mrow><mo>(</mo><mrow><msub><mi>z</mi><mrow><mi>m</mi><mi>i</mi></mrow></msub><mo>-</mo><msub><mi>z</mi><mi>t</mi></msub></mrow></mrow><msup><mo>)</mo><mn>2</mn></msup></mrow></msqrt></math>",MathML,1.0,"N is a number of observations
zmi is the ith measurement
zt is the true value"
FTsd1_LE68.3,,"<math xmlns=""http://www.w3.org/1998/Math/MathML""><mi>L</mi><mi>E</mi><mn>68.3</mn><mo>=</mo><mn>1</mn><mo>&#xd7;</mo><msqrt><mrow><mfrac><mn>1</mn><mi>N</mi></mfrac><munderover accent='false' accentunder='false'><mo>&#x2211;</mo><mrow><mi>i</mi><mo>=</mo><mn>1</mn></mrow><mi>N</mi></munderover><mrow><mo>(</mo><mrow><msub><mi>z</mi><mrow><mi>m</mi><mi>i</mi></mrow></msub><mo>-</mo><msub><mi>z</mi><mi>t</mi></msub></mrow></mrow><msup><mo>)</mo><mn>2</mn></msup></mrow></msqrt></math>",MathML,1.0,"N is a number of observations
zmi is the ith measurement
zt is the true value"
FTsd1_LE90,,"<math xmlns=""http://www.w3.org/1998/Math/MathML""><mi>L</mi><mi>E</mi><mn>90</mn><mo>=</mo><mn>1.645</mn><mo>&#xd7;</mo><msqrt><mrow><mfrac><mn>1</mn><mi>N</mi></mfrac><munderover accent='false' accentunder='false'><mo>&#x2211;</mo><mrow><mi>i</mi><mo>=</mo><mn>1</mn></mrow><mi>N</mi></munderover><mrow><mo>(</mo><mrow><msub><mi>z</mi><mrow><mi>m</mi><mi>i</mi></mrow></msub><mo>-</mo><msub><mi>z</mi><mi>t</mi></msub></mrow></mrow><msup><mo>)</mo><mn>2</mn></msup></mrow></msqrt></math>",MathML,1.0,"N is a number of observations
zmi is the ith measurement
zt is the true value"
FTsd1_LE95,,"<math xmlns=""http://www.w3.org/1998/Math/MathML""><mi>L</mi><mi>E</mi><mn>95</mn><mo>=</mo><mn>1.960</mn><mo>&#xd7;</mo><msqrt><mrow><mfrac><mn>1</mn><mi>N</mi></mfrac><munderover accent='false' accentunder='false'><mo>&#x2211;</mo><mrow><mi>i</mi><mo>=</mo><mn>1</mn></mrow><mi>N</mi></munderover><mrow><mo>(</mo><mrow><msub><mi>z</mi><mrow><mi>m</mi><mi>i</mi></mrow></msub><mo>-</mo><msub><mi>z</mi><mi>t</mi></msub></mrow></mrow><msup><mo>)</mo><mn>2</mn></msup></mrow></msqrt></math>",MathML,1.0,"N is a number of observations
zmi is the ith measurement
zt is the true value"
FTsd1_LE99,,"<math xmlns=""http://www.w3.org/1998/Math/MathML""><mi>L</mi><mi>E</mi><mn>99</mn><mo>=</mo><mn>2.576</mn><mo>&#xd7;</mo><msqrt><mrow><mfrac><mn>1</mn><mi>N</mi></mfrac><munderover accent='false' accentunder='false'><mo>&#x2211;</mo><mrow><mi>i</mi><mo>=</mo><mn>1</mn></mrow><mi>N</mi></munderover><mrow><mo>(</mo><mrow><msub><mi>z</mi><mrow><mi>m</mi><mi>i</mi></mrow></msub><mo>-</mo><msub><mi>z</mi><mi>t</mi></msub></mrow></mrow><msup><mo>)</mo><mn>2</mn></msup></mrow></msqrt></math>",MathML,1.0,"N is a number of observations
zmi is the ith measurement
zt is the true value"
FTsd1_LE99.8,,"<math xmlns=""http://www.w3.org/1998/Math/MathML""><mi>L</mi><mi>E</mi><mn>99.8</mn><mo>=</mo><mn>3</mn><mo>&#xd7;</mo><msqrt><mrow><mfrac><mn>1</mn><mi>N</mi></mfrac><munderover accent='false' accentunder='false'><mo>&#x2211;</mo><mrow><mi>i</mi><mo>=</mo><mn>1</mn></mrow><mi>N</mi></munderover><mrow><mo>(</mo><mrow><msub><mi>z</mi><mrow><mi>m</mi><mi>i</mi></mrow></msub><mo>-</mo><msub><mi>z</mi><mi>t</mi></msub></mrow></mrow><msup><mo>)</mo><mn>2</mn></msup></mrow></msqrt></math>",MathML,1.0,"N is a number of observations
zmi is the ith measurement
zt is the true value"
FTsd2_LE50r1,,"<math xmlns=""http://www.w3.org/1998/Math/MathML""><mi>L</mi><mi>E</mi><mn>50</mn><mi>r</mi><mn>1</mn><mo>=</mo><mn>2.414</mn><mo>&#xd7;</mo><msqrt><mrow><mfrac><mn>1</mn><mrow><mi>N</mi><mo>-</mo><mn>1</mn></mrow></mfrac><munderover accent='false' accentunder='false'><mo>&#x2211;</mo><mrow><mi>i</mi><mo>=</mo><mn>1</mn></mrow><mi>N</mi></munderover><mrow><mo>(</mo><mrow><msub><mi>z</mi><mrow><mi>m</mi><mi>i</mi></mrow></msub><mo>-</mo><msub><mi>z</mi><mi>t</mi></msub></mrow></mrow><msup><mo>)</mo><mn>2</mn></msup></mrow></msqrt></math>",MathML,1.0,"N is a number of observations
zmi is the ith measurement
zt is the arithmetic mean of the observations"
FTsd2_LE50r2,,"<math xmlns=""http://www.w3.org/1998/Math/MathML""><mi>L</mi><mi>E</mi><mn>50</mn><mi>r</mi><mn>2</mn><mo>=</mo><mn>1.604</mn><mo>&#xd7;</mo><msqrt><mrow><mfrac><mn>1</mn><mrow><mi>N</mi><mo>-</mo><mn>1</mn></mrow></mfrac><munderover accent='false' accentunder='false'><mo>&#x2211;</mo><mrow><mi>i</mi><mo>=</mo><mn>1</mn></mrow><mi>N</mi></munderover><mrow><mo>(</mo><mrow><msub><mi>z</mi><mrow><mi>m</mi><mi>i</mi></mrow></msub><mo>-</mo><msub><mi>z</mi><mi>t</mi></msub></mrow></mrow><msup><mo>)</mo><mn>2</mn></msup></mrow></msqrt></math>",MathML,1.0,"N is a number of observations
zmi is the ith measurement
zt is the arithmetic mean of the observations"
FTsd2_LE50r3,,"<math xmlns=""http://www.w3.org/1998/Math/MathML""><mi>L</mi><mi>E</mi><mn>50</mn><mi>r</mi><mn>3</mn><mo>=</mo><mn>1.423</mn><mo>&#xd7;</mo><msqrt><mrow><mfrac><mn>1</mn><mrow><mi>N</mi><mo>-</mo><mn>1</mn></mrow></mfrac><munderover accent='false' accentunder='false'><mo>&#x2211;</mo><mrow><mi>i</mi><mo>=</mo><mn>1</mn></mrow><mi>N</mi></munderover><mrow><mo>(</mo><mrow><msub><mi>z</mi><mrow><mi>m</mi><mi>i</mi></mrow></msub><mo>-</mo><msub><mi>z</mi><mi>t</mi></msub></mrow></mrow><msup><mo>)</mo><mn>2</mn></msup></mrow></msqrt></math>",MathML,1.0,"N is a number of observations
zmi is the ith measurement
zt is the arithmetic mean of the observations"
FTsd2_LE50r4,,"<math xmlns=""http://www.w3.org/1998/Math/MathML""><mi>L</mi><mi>E</mi><mn>50</mn><mi>r</mi><mn>4</mn><mo>=</mo><mn>1.344</mn><mo>&#xd7;</mo><msqrt><mrow><mfrac><mn>1</mn><mrow><mi>N</mi><mo>-</mo><mn>1</mn></mrow></mfrac><munderover accent='false' accentunder='false'><mo>&#x2211;</mo><mrow><mi>i</mi><mo>=</mo><mn>1</mn></mrow><mi>N</mi></munderover><mrow><mo>(</mo><mrow><msub><mi>z</mi><mrow><mi>m</mi><mi>i</mi></mrow></msub><mo>-</mo><msub><mi>z</mi><mi>t</mi></msub></mrow></mrow><msup><mo>)</mo><mn>2</mn></msup></mrow></msqrt></math>",MathML,1.0,"N is a number of observations
zmi is the ith measurement
zt is the arithmetic mean of the observations"
FTsd2_LE50r5,,"<math xmlns=""http://www.w3.org/1998/Math/MathML""><mi>L</mi><mi>E</mi><mn>50</mn><mi>r</mi><mn>5</mn><mo>=</mo><mn>1.301</mn><mo>&#xd7;</mo><msqrt><mrow><mfrac><mn>1</mn><mrow><mi>N</mi><mo>-</mo><mn>1</mn></mrow></mfrac><munderover accent='false' accentunder='false'><mo>&#x2211;</mo><mrow><mi>i</mi><mo>=</mo><mn>1</mn></mrow><mi>N</mi></munderover><mrow><mo>(</mo><mrow><msub><mi>z</mi><mrow><mi>m</mi><mi>i</mi></mrow></msub><mo>-</mo><msub><mi>z</mi><mi>t</mi></msub></mrow></mrow><msup><mo>)</mo><mn>2</mn></msup></mrow></msqrt></math>",MathML,1.0,"N is a number of observations
zmi is the ith measurement
zt is the arithmetic mean of the observations"
FTsd2_LE50r10,,"<math xmlns=""http://www.w3.org/1998/Math/MathML""><mi>L</mi><mi>E</mi><mn>50</mn><mi>r</mi><mn>10</mn><mo>=</mo><mn>1.221</mn><mo>&#xd7;</mo><msqrt><mrow><mfrac><mn>1</mn><mrow><mi>N</mi><mo>-</mo><mn>1</mn></mrow></mfrac><munderover accent='false' accentunder='false'><mo>&#x2211;</mo><mrow><mi>i</mi><mo>=</mo><mn>1</mn></mrow><mi>N</mi></munderover><mrow><mo>(</mo><mrow><msub><mi>z</mi><mrow><mi>m</mi><mi>i</mi></mrow></msub><mo>-</mo><msub><mi>z</mi><mi>t</mi></msub></mrow></mrow><msup><mo>)</mo><mn>2</mn></msup></mrow></msqrt></math>",MathML,1.0,"N is a number of observations
zmi is the ith measurement
zt is the arithmetic mean of the observations"
FTsd2_LE68.3r1,,"<math xmlns=""http://www.w3.org/1998/Math/MathML""><mi>L</mi><mi>E</mi><mn>68.3</mn><mi>r</mi><mn>1</mn><mo>=</mo><mn>3.933</mn><mo>&#xd7;</mo><msqrt><mrow><mfrac><mn>1</mn><mrow><mi>N</mi><mo>-</mo><mn>1</mn></mrow></mfrac><munderover accent='false' accentunder='false'><mo>&#x2211;</mo><mrow><mi>i</mi><mo>=</mo><mn>1</mn></mrow><mi>N</mi></munderover><mrow><mo>(</mo><mrow><msub><mi>z</mi><mrow><mi>m</mi><mi>i</mi></mrow></msub><mo>-</mo><msub><mi>z</mi><mi>t</mi></msub></mrow></mrow><msup><mo>)</mo><mn>2</mn></msup></mrow></msqrt></math>",MathML,1.0,"N is a number of observations
zmi is the ith measurement
zt is the arithmetic mean of the observations"
FTsd2_LE68.3r2,,"<math xmlns=""http://www.w3.org/1998/Math/MathML""><mi>L</mi><mi>E</mi><mn>68.3</mn><mi>r</mi><mn>2</mn><mo>=</mo><mn>2.203</mn><mo>&#xd7;</mo><msqrt><mrow><mfrac><mn>1</mn><mrow><mi>N</mi><mo>-</mo><mn>1</mn></mrow></mfrac><munderover accent='false' accentunder='false'><mo>&#x2211;</mo><mrow><mi>i</mi><mo>=</mo><mn>1</mn></mrow><mi>N</mi></munderover><mrow><mo>(</mo><mrow><msub><mi>z</mi><mrow><mi>m</mi><mi>i</mi></mrow></msub><mo>-</mo><msub><mi>z</mi><mi>t</mi></msub></mrow></mrow><msup><mo>)</mo><mn>2</mn></msup></mrow></msqrt></math>",MathML,1.0,"N is a number of observations
zmi is the ith measurement
zt is the arithmetic mean of the observations"
FTsd2_LE68.3r3,,"<math xmlns=""http://www.w3.org/1998/Math/MathML""><mi>L</mi><mi>E</mi><mn>68.3</mn><mi>r</mi><mn>3</mn><mo>=</mo><mn>1.868</mn><mo>&#xd7;</mo><msqrt><mrow><mfrac><mn>1</mn><mrow><mi>N</mi><mo>-</mo><mn>1</mn></mrow></mfrac><munderover accent='false' accentunder='false'><mo>&#x2211;</mo><mrow><mi>i</mi><mo>=</mo><mn>1</mn></mrow><mi>N</mi></munderover><mrow><mo>(</mo><mrow><msub><mi>z</mi><mrow><mi>m</mi><mi>i</mi></mrow></msub><mo>-</mo><msub><mi>z</mi><mi>t</mi></msub></mrow></mrow><msup><mo>)</mo><mn>2</mn></msup></mrow></msqrt></math>",MathML,1.0,"N is a number of observations
zmi is the ith measurement
zt is the arithmetic mean of the observations"
FTsd2_LE68.3r4,,"<math xmlns=""http://www.w3.org/1998/Math/MathML""><mi>L</mi><mi>E</mi><mn>68.3</mn><mi>r</mi><mn>4</mn><mo>=</mo><mn>1.731</mn><mo>&#xd7;</mo><msqrt><mrow><mfrac><mn>1</mn><mrow><mi>N</mi><mo>-</mo><mn>1</mn></mrow></mfrac><munderover accent='false' accentunder='false'><mo>&#x2211;</mo><mrow><mi>i</mi><mo>=</mo><mn>1</mn></mrow><mi>N</mi></munderover><mrow><mo>(</mo><mrow><msub><mi>z</mi><mrow><mi>m</mi><mi>i</mi></mrow></msub><mo>-</mo><msub><mi>z</mi><mi>t</mi></msub></mrow></mrow><msup><mo>)</mo><mn>2</mn></msup></mrow></msqrt></math>",MathML,1.0,"N is a number of observations
zmi is the ith measurement
zt is the arithmetic mean of the observations"
FTsd2_LE68.3r5,,"<math xmlns=""http://www.w3.org/1998/Math/MathML""><mi>L</mi><mi>E</mi><mn>68.3</mn><mi>r</mi><mn>5</mn><mo>=</mo><mn>1.657</mn><mo>&#xd7;</mo><msqrt><mrow><mfrac><mn>1</mn><mrow><mi>N</mi><mo>-</mo><mn>1</mn></mrow></mfrac><munderover accent='false' accentunder='false'><mo>&#x2211;</mo><mrow><mi>i</mi><mo>=</mo><mn>1</mn></mrow><mi>N</mi></munderover><mrow><mo>(</mo><mrow><msub><mi>z</mi><mrow><mi>m</mi><mi>i</mi></mrow></msub><mo>-</mo><msub><mi>z</mi><mi>t</mi></msub></mrow></mrow><msup><mo>)</mo><mn>2</mn></msup></mrow></msqrt></math>",MathML,1.0,"N is a number of observations
zmi is the ith measurement
zt is the arithmetic mean of the observations"
FTsd2_LE68.3r10,,"<math xmlns=""http://www.w3.org/1998/Math/MathML""><mi>L</mi><mi>E</mi><mn>68.3</mn><mi>r</mi><mn>10</mn><mo>=</mo><mn>1.524</mn><mo>&#xd7;</mo><msqrt><mrow><mfrac><mn>1</mn><mrow><mi>N</mi><mo>-</mo><mn>1</mn></mrow></mfrac><munderover accent='false' accentunder='false'><mo>&#x2211;</mo><mrow><mi>i</mi><mo>=</mo><mn>1</mn></mrow><mi>N</mi></munderover><mrow><mo>(</mo><mrow><msub><mi>z</mi><mrow><mi>m</mi><mi>i</mi></mrow></msub><mo>-</mo><msub><mi>z</mi><mi>t</mi></msub></mrow></mrow><msup><mo>)</mo><mn>2</mn></msup></mrow></msqrt></math>",MathML,1.0,"N is a number of observations
zmi is the ith measurement
zt is the arithmetic mean of the observations"
FTsd2_LE90r1,,"<math xmlns=""http://www.w3.org/1998/Math/MathML""><mi>L</mi><mi>E</mi><mn>90</mn><mi>r</mi><mn>1</mn><mo>=</mo><mn>12.706</mn><mo>&#xd7;</mo><msqrt><mrow><mfrac><mn>1</mn><mrow><mi>N</mi><mo>-</mo><mn>1</mn></mrow></mfrac><munderover accent='false' accentunder='false'><mo>&#x2211;</mo><mrow><mi>i</mi><mo>=</mo><mn>1</mn></mrow><mi>N</mi></munderover><mrow><mo>(</mo><mrow><msub><mi>z</mi><mrow><mi>m</mi><mi>i</mi></mrow></msub><mo>-</mo><msub><mi>z</mi><mi>t</mi></msub></mrow></mrow><msup><mo>)</mo><mn>2</mn></msup></mrow></msqrt></math>",MathML,1.0,"N is a number of observations
zmi is the ith measurement
zt is the arithmetic mean of the observations"
FTsd2_LE90r2,,"<math xmlns=""http://www.w3.org/1998/Math/MathML""><mi>L</mi><mi>E</mi><mn>90</mn><mi>r</mi><mn>2</mn><mo>=</mo><mn>4.303</mn><mo>&#xd7;</mo><msqrt><mrow><mfrac><mn>1</mn><mrow><mi>N</mi><mo>-</mo><mn>1</mn></mrow></mfrac><munderover accent='false' accentunder='false'><mo>&#x2211;</mo><mrow><mi>i</mi><mo>=</mo><mn>1</mn></mrow><mi>N</mi></munderover><mrow><mo>(</mo><mrow><msub><mi>z</mi><mrow><mi>m</mi><mi>i</mi></mrow></msub><mo>-</mo><msub><mi>z</mi><mi>t</mi></msub></mrow></mrow><msup><mo>)</mo><mn>2</mn></msup></mrow></msqrt></math>",MathML,1.0,"N is a number of observations
zmi is the ith measurement
zt is the arithmetic mean of the observations"
FTsd2_LE90r3,,"<math xmlns=""http://www.w3.org/1998/Math/MathML""><mi>L</mi><mi>E</mi><mn>90</mn><mi>r</mi><mn>3</mn><mo>=</mo><mn>3.182</mn><mo>&#xd7;</mo><msqrt><mrow><mfrac><mn>1</mn><mrow><mi>N</mi><mo>-</mo><mn>1</mn></mrow></mfrac><munderover accent='false' accentunder='false'><mo>&#x2211;</mo><mrow><mi>i</mi><mo>=</mo><mn>1</mn></mrow><mi>N</mi></munderover><mrow><mo>(</mo><mrow><msub><mi>z</mi><mrow><mi>m</mi><mi>i</mi></mrow></msub><mo>-</mo><msub><mi>z</mi><mi>t</mi></msub></mrow></mrow><msup><mo>)</mo><mn>2</mn></msup></mrow></msqrt></math>",MathML,1.0,"N is a number of observations
zmi is the ith measurement
zt is the arithmetic mean of the observations"
FTsd2_LE90r4,,"<math xmlns=""http://www.w3.org/1998/Math/MathML""><mi>L</mi><mi>E</mi><mn>90</mn><mi>r</mi><mn>4</mn><mo>=</mo><mn>2.776</mn><mo>&#xd7;</mo><msqrt><mrow><mfrac><mn>1</mn><mrow><mi>N</mi><mo>-</mo><mn>1</mn></mrow></mfrac><munderover accent='false' accentunder='false'><mo>&#x2211;</mo><mrow><mi>i</mi><mo>=</mo><mn>1</mn></mrow><mi>N</mi></munderover><mrow><mo>(</mo><mrow><msub><mi>z</mi><mrow><mi>m</mi><mi>i</mi></mrow></msub><mo>-</mo><msub><mi>z</mi><mi>t</mi></msub></mrow></mrow><msup><mo>)</mo><mn>2</mn></msup></mrow></msqrt></math>",MathML,1.0,"N is a number of observations
zmi is the ith measurement
zt is the arithmetic mean of the observations"
FTsd2_LE90r5,,"<math xmlns=""http://www.w3.org/1998/Math/MathML""><mi>L</mi><mi>E</mi><mn>90</mn><mi>r</mi><mn>5</mn><mo>=</mo><mn>2.571</mn><mo>&#xd7;</mo><msqrt><mrow><mfrac><mn>1</mn><mrow><mi>N</mi><mo>-</mo><mn>1</mn></mrow></mfrac><munderover accent='false' accentunder='false'><mo>&#x2211;</mo><mrow><mi>i</mi><mo>=</mo><mn>1</mn></mrow><mi>N</mi></munderover><mrow><mo>(</mo><mrow><msub><mi>z</mi><mrow><mi>m</mi><mi>i</mi></mrow></msub><mo>-</mo><msub><mi>z</mi><mi>t</mi></msub></mrow></mrow><msup><mo>)</mo><mn>2</mn></msup></mrow></msqrt></math>",MathML,1.0,"N is a number of observations
zmi is the ith measurement
zt is the arithmetic mean of the observations"
FTsd2_LE90r10,,"<math xmlns=""http://www.w3.org/1998/Math/MathML""><mi>L</mi><mi>E</mi><mn>90</mn><mi>r</mi><mn>10</mn><mo>=</mo><mn>2.228</mn><mo>&#xd7;</mo><msqrt><mrow><mfrac><mn>1</mn><mrow><mi>N</mi><mo>-</mo><mn>1</mn></mrow></mfrac><munderover accent='false' accentunder='false'><mo>&#x2211;</mo><mrow><mi>i</mi><mo>=</mo><mn>1</mn></mrow><mi>N</mi></munderover><mrow><mo>(</mo><mrow><msub><mi>z</mi><mrow><mi>m</mi><mi>i</mi></mrow></msub><mo>-</mo><msub><mi>z</mi><mi>t</mi></msub></mrow></mrow><msup><mo>)</mo><mn>2</mn></msup></mrow></msqrt></math>",MathML,1.0,"N is a number of observations
zmi is the ith measurement
zt is the arithmetic mean of the observations"
FTsd2_LE95r1,,"<math xmlns=""http://www.w3.org/1998/Math/MathML""><mi>L</mi><mi>E</mi><mn>95</mn><mi>r</mi><mn>1</mn><mo>=</mo><mn>25.452</mn><mo>&#xd7;</mo><msqrt><mrow><mfrac><mn>1</mn><mrow><mi>N</mi><mo>-</mo><mn>1</mn></mrow></mfrac><munderover accent='false' accentunder='false'><mo>&#x2211;</mo><mrow><mi>i</mi><mo>=</mo><mn>1</mn></mrow><mi>N</mi></munderover><mrow><mo>(</mo><mrow><msub><mi>z</mi><mrow><mi>m</mi><mi>i</mi></mrow></msub><mo>-</mo><msub><mi>z</mi><mi>t</mi></msub></mrow></mrow><msup><mo>)</mo><mn>2</mn></msup></mrow></msqrt></math>",MathML,1.0,"N is a number of observations
zmi is the ith measurement
zt is the arithmetic mean of the observations"
FTsd2_LE95r2,,"<math xmlns=""http://www.w3.org/1998/Math/MathML""><mi>L</mi><mi>E</mi><mn>95</mn><mi>r</mi><mn>2</mn><mo>=</mo><mn>6.205</mn><mo>&#xd7;</mo><msqrt><mrow><mfrac><mn>1</mn><mrow><mi>N</mi><mo>-</mo><mn>1</mn></mrow></mfrac><munderover accent='false' accentunder='false'><mo>&#x2211;</mo><mrow><mi>i</mi><mo>=</mo><mn>1</mn></mrow><mi>N</mi></munderover><mrow><mo>(</mo><mrow><msub><mi>z</mi><mrow><mi>m</mi><mi>i</mi></mrow></msub><mo>-</mo><msub><mi>z</mi><mi>t</mi></msub></mrow></mrow><msup><mo>)</mo><mn>2</mn></msup></mrow></msqrt></math>",MathML,1.0,"N is a number of observations
zmi is the ith measurement
zt is the arithmetic mean of the observations"
FTsd2_LE95r3,,"<math xmlns=""http://www.w3.org/1998/Math/MathML""><mi>L</mi><mi>E</mi><mn>95</mn><mi>r</mi><mn>3</mn><mo>=</mo><mn>4.177</mn><mo>&#xd7;</mo><msqrt><mrow><mfrac><mn>1</mn><mrow><mi>N</mi><mo>-</mo><mn>1</mn></mrow></mfrac><munderover accent='false' accentunder='false'><mo>&#x2211;</mo><mrow><mi>i</mi><mo>=</mo><mn>1</mn></mrow><mi>N</mi></munderover><mrow><mo>(</mo><mrow><msub><mi>z</mi><mrow><mi>m</mi><mi>i</mi></mrow></msub><mo>-</mo><msub><mi>z</mi><mi>t</mi></msub></mrow></mrow><msup><mo>)</mo><mn>2</mn></msup></mrow></msqrt></math>",MathML,1.0,"N is a number of observations
zmi is the ith measurement
zt is the arithmetic mean of the observations"
FTsd2_LE95r4,,"<math xmlns=""http://www.w3.org/1998/Math/MathML""><mi>L</mi><mi>E</mi><mn>95</mn><mi>r</mi><mn>4</mn><mo>=</mo><mn>3.495</mn><mo>&#xd7;</mo><msqrt><mrow><mfrac><mn>1</mn><mrow><mi>N</mi><mo>-</mo><mn>1</mn></mrow></mfrac><munderover accent='false' accentunder='false'><mo>&#x2211;</mo><mrow><mi>i</mi><mo>=</mo><mn>1</mn></mrow><mi>N</mi></munderover><mrow><mo>(</mo><mrow><msub><mi>z</mi><mrow><mi>m</mi><mi>i</mi></mrow></msub><mo>-</mo><msub><mi>z</mi><mi>t</mi></msub></mrow></mrow><msup><mo>)</mo><mn>2</mn></msup></mrow></msqrt></math>",MathML,1.0,"N is a number of observations
zmi is the ith measurement
zt is the arithmetic mean of the observations"
FTsd2_LE95r5,,"<math xmlns=""http://www.w3.org/1998/Math/MathML""><mi>L</mi><mi>E</mi><mn>95</mn><mi>r</mi><mn>5</mn><mo>=</mo><mn>3.163</mn><mo>&#xd7;</mo><msqrt><mrow><mfrac><mn>1</mn><mrow><mi>N</mi><mo>-</mo><mn>1</mn></mrow></mfrac><munderover accent='false' accentunder='false'><mo>&#x2211;</mo><mrow><mi>i</mi><mo>=</mo><mn>1</mn></mrow><mi>N</mi></munderover><mrow><mo>(</mo><mrow><msub><mi>z</mi><mrow><mi>m</mi><mi>i</mi></mrow></msub><mo>-</mo><msub><mi>z</mi><mi>t</mi></msub></mrow></mrow><msup><mo>)</mo><mn>2</mn></msup></mrow></msqrt></math>",MathML,1.0,"N is a number of observations
zmi is the ith measurement
zt is the arithmetic mean of the observations"
FTsd2_LE95r10,,"<math xmlns=""http://www.w3.org/1998/Math/MathML""><mi>L</mi><mi>E</mi><mn>95</mn><mi>r</mi><mn>10</mn><mo>=</mo><mn>2.634</mn><mo>&#xd7;</mo><msqrt><mrow><mfrac><mn>1</mn><mrow><mi>N</mi><mo>-</mo><mn>1</mn></mrow></mfrac><munderover accent='false' accentunder='false'><mo>&#x2211;</mo><mrow><mi>i</mi><mo>=</mo><mn>1</mn></mrow><mi>N</mi></munderover><mrow><mo>(</mo><mrow><msub><mi>z</mi><mrow><mi>m</mi><mi>i</mi></mrow></msub><mo>-</mo><msub><mi>z</mi><mi>t</mi></msub></mrow></mrow><msup><mo>)</mo><mn>2</mn></msup></mrow></msqrt></math>",MathML,1.0,"N is a number of observations
zmi is the ith measurement
zt is the arithmetic mean of the observations"
FTsd2_LE99r1,,"<math xmlns=""http://www.w3.org/1998/Math/MathML""><mi>L</mi><mi>E</mi><mn>99</mn><mi>r</mi><mn>1</mn><mo>=</mo><mn>127.321</mn><mo>&#xd7;</mo><msqrt><mrow><mfrac><mn>1</mn><mrow><mi>N</mi><mo>-</mo><mn>1</mn></mrow></mfrac><munderover accent='false' accentunder='false'><mo>&#x2211;</mo><mrow><mi>i</mi><mo>=</mo><mn>1</mn></mrow><mi>N</mi></munderover><mrow><mo>(</mo><mrow><msub><mi>z</mi><mrow><mi>m</mi><mi>i</mi></mrow></msub><mo>-</mo><msub><mi>z</mi><mi>t</mi></msub></mrow></mrow><msup><mo>)</mo><mn>2</mn></msup></mrow></msqrt></math>",MathML,1.0,"N is a number of observations
zmi is the ith measurement
zt is the arithmetic mean of the observations"
FTsd2_LE99r2,,"<math xmlns=""http://www.w3.org/1998/Math/MathML""><mi>L</mi><mi>E</mi><mn>99</mn><mi>r</mi><mn>2</mn><mo>=</mo><mn>14.089</mn><mo>&#xd7;</mo><msqrt><mrow><mfrac><mn>1</mn><mrow><mi>N</mi><mo>-</mo><mn>1</mn></mrow></mfrac><munderover accent='false' accentunder='false'><mo>&#x2211;</mo><mrow><mi>i</mi><mo>=</mo><mn>1</mn></mrow><mi>N</mi></munderover><mrow><mo>(</mo><mrow><msub><mi>z</mi><mrow><mi>m</mi><mi>i</mi></mrow></msub><mo>-</mo><msub><mi>z</mi><mi>t</mi></msub></mrow></mrow><msup><mo>)</mo><mn>2</mn></msup></mrow></msqrt></math>",MathML,1.0,"N is a number of observations
zmi is the ith measurement
zt is the arithmetic mean of the observations"
FTsd2_LE99r3,,"<math xmlns=""http://www.w3.org/1998/Math/MathML""><mi>L</mi><mi>E</mi><mn>99</mn><mi>r</mi><mn>3</mn><mo>=</mo><mn>7.453</mn><mo>&#xd7;</mo><msqrt><mrow><mfrac><mn>1</mn><mrow><mi>N</mi><mo>-</mo><mn>1</mn></mrow></mfrac><munderover accent='false' accentunder='false'><mo>&#x2211;</mo><mrow><mi>i</mi><mo>=</mo><mn>1</mn></mrow><mi>N</mi></munderover><mrow><mo>(</mo><mrow><msub><mi>z</mi><mrow><mi>m</mi><mi>i</mi></mrow></msub><mo>-</mo><msub><mi>z</mi><mi>t</mi></msub></mrow></mrow><msup><mo>)</mo><mn>2</mn></msup></mrow></msqrt></math>",MathML,1.0,"N is a number of observations
zmi is the ith measurement
zt is the arithmetic mean of the observations"
FTsd2_LE99r4,,"<math xmlns=""http://www.w3.org/1998/Math/MathML""><mi>L</mi><mi>E</mi><mn>99</mn><mi>r</mi><mn>4</mn><mo>=</mo><mn>5.598</mn><mo>&#xd7;</mo><msqrt><mrow><mfrac><mn>1</mn><mrow><mi>N</mi><mo>-</mo><mn>1</mn></mrow></mfrac><munderover accent='false' accentunder='false'><mo>&#x2211;</mo><mrow><mi>i</mi><mo>=</mo><mn>1</mn></mrow><mi>N</mi></munderover><mrow><mo>(</mo><mrow><msub><mi>z</mi><mrow><mi>m</mi><mi>i</mi></mrow></msub><mo>-</mo><msub><mi>z</mi><mi>t</mi></msub></mrow></mrow><msup><mo>)</mo><mn>2</mn></msup></mrow></msqrt></math>",MathML,1.0,"N is a number of observations
zmi is the ith measurement
zt is the arithmetic mean of the observations"
FTsd2_LE99r5,,"<math xmlns=""http://www.w3.org/1998/Math/MathML""><mi>L</mi><mi>E</mi><mn>99</mn><mi>r</mi><mn>5</mn><mo>=</mo><mn>4.773</mn><mo>&#xd7;</mo><msqrt><mrow><mfrac><mn>1</mn><mrow><mi>N</mi><mo>-</mo><mn>1</mn></mrow></mfrac><munderover accent='false' accentunder='false'><mo>&#x2211;</mo><mrow><mi>i</mi><mo>=</mo><mn>1</mn></mrow><mi>N</mi></munderover><mrow><mo>(</mo><mrow><msub><mi>z</mi><mrow><mi>m</mi><mi>i</mi></mrow></msub><mo>-</mo><msub><mi>z</mi><mi>t</mi></msub></mrow></mrow><msup><mo>)</mo><mn>2</mn></msup></mrow></msqrt></math>",MathML,1.0,"N is a number of observations
zmi is the ith measurement
zt is the arithmetic mean of the observations"
FTsd2_LE99r10,,"<math xmlns=""http://www.w3.org/1998/Math/MathML""><mi>L</mi><mi>E</mi><mn>99</mn><mi>r</mi><mn>10</mn><mo>=</mo><mn>3.581</mn><mo>&#xd7;</mo><msqrt><mrow><mfrac><mn>1</mn><mrow><mi>N</mi><mo>-</mo><mn>1</mn></mrow></mfrac><munderover accent='false' accentunder='false'><mo>&#x2211;</mo><mrow><mi>i</mi><mo>=</mo><mn>1</mn></mrow><mi>N</mi></munderover><mrow><mo>(</mo><mrow><msub><mi>z</mi><mrow><mi>m</mi><mi>i</mi></mrow></msub><mo>-</mo><msub><mi>z</mi><mi>t</mi></msub></mrow></mrow><msup><mo>)</mo><mn>2</mn></msup></mrow></msqrt></math>",MathML,1.0,"N is a number of observations
zmi is the ith measurement
zt is the arithmetic mean of the observations"
FTsd2_LE99.8r1,,"<math xmlns=""http://www.w3.org/1998/Math/MathML""><mi>L</mi><mi>E</mi><mn>99.8</mn><mi>r</mi><mn>1</mn><mo>=</mo><mn>636.619</mn><mo>&#xd7;</mo><msqrt><mrow><mfrac><mn>1</mn><mrow><mi>N</mi><mo>-</mo><mn>1</mn></mrow></mfrac><munderover accent='false' accentunder='false'><mo>&#x2211;</mo><mrow><mi>i</mi><mo>=</mo><mn>1</mn></mrow><mi>N</mi></munderover><mrow><mo>(</mo><mrow><msub><mi>z</mi><mrow><mi>m</mi><mi>i</mi></mrow></msub><mo>-</mo><msub><mi>z</mi><mi>t</mi></msub></mrow></mrow><msup><mo>)</mo><mn>2</mn></msup></mrow></msqrt></math>",MathML,1.0,"N is a number of observations
zmi is the ith measurement
zt is the arithmetic mean of the observations"
FTsd2_LE99.8r2,,"<math xmlns=""http://www.w3.org/1998/Math/MathML""><mi>L</mi><mi>E</mi><mn>99.8</mn><mi>r</mi><mn>2</mn><mo>=</mo><mn>31.599</mn><mo>&#xd7;</mo><msqrt><mrow><mfrac><mn>1</mn><mrow><mi>N</mi><mo>-</mo><mn>1</mn></mrow></mfrac><munderover accent='false' accentunder='false'><mo>&#x2211;</mo><mrow><mi>i</mi><mo>=</mo><mn>1</mn></mrow><mi>N</mi></munderover><mrow><mo>(</mo><mrow><msub><mi>z</mi><mrow><mi>m</mi><mi>i</mi></mrow></msub><mo>-</mo><msub><mi>z</mi><mi>t</mi></msub></mrow></mrow><msup><mo>)</mo><mn>2</mn></msup></mrow></msqrt></math>",MathML,1.0,"N is a number of observations
zmi is the ith measurement
zt is the arithmetic mean of the observations"
FTsd2_LE99.8r3,,"<math xmlns=""http://www.w3.org/1998/Math/MathML""><mi>L</mi><mi>E</mi><mn>99.8</mn><mi>r</mi><mn>3</mn><mo>=</mo><mn>12.924</mn><mo>&#xd7;</mo><msqrt><mrow><mfrac><mn>1</mn><mrow><mi>N</mi><mo>-</mo><mn>1</mn></mrow></mfrac><munderover accent='false' accentunder='false'><mo>&#x2211;</mo><mrow><mi>i</mi><mo>=</mo><mn>1</mn></mrow><mi>N</mi></munderover><mrow><mo>(</mo><mrow><msub><mi>z</mi><mrow><mi>m</mi><mi>i</mi></mrow></msub><mo>-</mo><msub><mi>z</mi><mi>t</mi></msub></mrow></mrow><msup><mo>)</mo><mn>2</mn></msup></mrow></msqrt></math>",MathML,1.0,"N is a number of observations
zmi is the ith measurement
zt is the arithmetic mean of the observations"
FTsd2_LE99.8r4,,"<math xmlns=""http://www.w3.org/1998/Math/MathML""><mi>L</mi><mi>E</mi><mn>99.8</mn><mi>r</mi><mn>4</mn><mo>=</mo><mn>8.610</mn><mo>&#xd7;</mo><msqrt><mrow><mfrac><mn>1</mn><mrow><mi>N</mi><mo>-</mo><mn>1</mn></mrow></mfrac><munderover accent='false' accentunder='false'><mo>&#x2211;</mo><mrow><mi>i</mi><mo>=</mo><mn>1</mn></mrow><mi>N</mi></munderover><mrow><mo>(</mo><mrow><msub><mi>z</mi><mrow><mi>m</mi><mi>i</mi></mrow></msub><mo>-</mo><msub><mi>z</mi><mi>t</mi></msub></mrow></mrow><msup><mo>)</mo><mn>2</mn></msup></mrow></msqrt></math>",MathML,1.0,"N is a number of observations
zmi is the ith measurement
zt is the arithmetic mean of the observations"
FTsd2_LE99.8r5,,"<math xmlns=""http://www.w3.org/1998/Math/MathML""><mi>L</mi><mi>E</mi><mn>99.8</mn><mi>r</mi><mn>5</mn><mo>=</mo><mn>6.869</mn><mo>&#xd7;</mo><msqrt><mrow><mfrac><mn>1</mn><mrow><mi>N</mi><mo>-</mo><mn>1</mn></mrow></mfrac><munderover accent='false' accentunder='false'><mo>&#x2211;</mo><mrow><mi>i</mi><mo>=</mo><mn>1</mn></mrow><mi>N</mi></munderover><mrow><mo>(</mo><mrow><msub><mi>z</mi><mrow><mi>m</mi><mi>i</mi></mrow></msub><mo>-</mo><msub><mi>z</mi><mi>t</mi></msub></mrow></mrow><msup><mo>)</mo><mn>2</mn></msup></mrow></msqrt></math>",MathML,1.0,"N is a number of observations
zmi is the ith measurement
zt is the arithmetic mean of the observations"
FTsd2_LE99.8r10,,"<math xmlns=""http://www.w3.org/1998/Math/MathML""><mi>L</mi><mi>E</mi><mn>99.8</mn><mi>r</mi><mn>10</mn><mo>=</mo><mn>4.587</mn><mo>&#xd7;</mo><msqrt><mrow><mfrac><mn>1</mn><mrow><mi>N</mi><mo>-</mo><mn>1</mn></mrow></mfrac><munderover accent='false' accentunder='false'><mo>&#x2211;</mo><mrow><mi>i</mi><mo>=</mo><mn>1</mn></mrow><mi>N</mi></munderover><mrow><mo>(</mo><mrow><msub><mi>z</mi><mrow><mi>m</mi><mi>i</mi></mrow></msub><mo>-</mo><msub><mi>z</mi><mi>t</mi></msub></mrow></mrow><msup><mo>)</mo><mn>2</mn></msup></mrow></msqrt></math>",MathML,1.0,"N is a number of observations
zmi is the ith measurement
zt is the arithmetic mean of the observations"
FTsd1x,,"<math xmlns=""http://www.w3.org/1998/Math/MathML""><msub><mi>&#x3c3;</mi><mi>x</mi></msub><mo>=</mo><msqrt><mrow><mfrac><mn>1</mn><mi>N</mi></mfrac><munderover accent='false' accentunder='false'><mo>&#x2211;</mo><mrow><mi>i</mi><mo>=</mo><mn>1</mn></mrow><mi>N</mi></munderover><mrow><mo>(</mo><mrow><msub><mi>x</mi><mrow><mi>m</mi><mi>i</mi></mrow></msub><mo>-</mo><msub><mi>x</mi><mi>t</mi></msub></mrow></mrow><msup><mo>)</mo><mn>2</mn></msup></mrow></msqrt></math>",MathML,1.0,"N is a number of observations
xmi is the ith measurement
xt is the true value"
FTsd1y,,"<math xmlns=""http://www.w3.org/1998/Math/MathML""><msub><mi>&#x3c3;</mi><mi>y</mi></msub><mo>=</mo><msqrt><mrow><mfrac><mn>1</mn><mi>N</mi></mfrac><munderover accent='false' accentunder='false'><mo>&#x2211;</mo><mrow><mi>i</mi><mo>=</mo><mn>1</mn></mrow><mi>N</mi></munderover><mrow><mo>(</mo><mrow><msub><mi>y</mi><mrow><mi>m</mi><mi>i</mi></mrow></msub><mo>-</mo><msub><mi>y</mi><mi>t</mi></msub></mrow></mrow><msup><mo>)</mo><mn>2</mn></msup></mrow></msqrt></math>",MathML,1.0,"N is a number of observations
ymi is the ith measurement
yt is the true value"
FTsd1z,,"<math xmlns=""http://www.w3.org/1998/Math/MathML""><msub><mi>&#x3c3;</mi><mi>z</mi></msub><mo>=</mo><msqrt><mrow><mfrac><mn>1</mn><mi>N</mi></mfrac><munderover accent='false' accentunder='false'><mo>&#x2211;</mo><mrow><mi>i</mi><mo>=</mo><mn>1</mn></mrow><mi>N</mi></munderover><mrow><mo>(</mo><mrow><msub><mi>z</mi><mrow><mi>m</mi><mi>i</mi></mrow></msub><mo>-</mo><msub><mi>z</mi><mi>t</mi></msub></mrow></mrow><msup><mo>)</mo><mn>2</mn></msup></mrow></msqrt></math>",MathML,1.0,"N is a number of observations
zmi is the ith measurement
zt is the true value"
FTsd1xy_CE39.4,,"<math xmlns=""http://www.w3.org/1998/Math/MathML""><mfrac><mn>1</mn><msqrt><mn>2</mn></msqrt></mfrac><msqrt><mrow><msup><msub><mi>&#x3c3;</mi><mi>x</mi></msub><mn>2</mn></msup><mo>+</mo><msup><msub><mi>&#x3c3;</mi><mi>y</mi></msub><mn>2</mn></msup></mrow></msqrt></math>",MathML,1.0,"sx is the standard deviation in x-direction
sy is the standard deviation in y-direction"
FTsd1xy_CE50,,"<math xmlns=""http://www.w3.org/1998/Math/MathML""><mfrac><mn>1.1774</mn><msqrt><mn>2</mn></msqrt></mfrac><msqrt><mrow><msup><msub><mi>&#x3c3;</mi><mi>x</mi></msub><mn>2</mn></msup><mo>+</mo><msup><msub><mi>&#x3c3;</mi><mi>y</mi></msub><mn>2</mn></msup></mrow></msqrt></math>",MathML,1.0,"sx is the standard deviation in x-direction
sy is the standard deviation in y-direction"
FTsd1xy_CE90,,"<math xmlns=""http://www.w3.org/1998/Math/MathML""><mfrac><mn>2.146</mn><msqrt><mn>2</mn></msqrt></mfrac><msqrt><mrow><msup><msub><mi>&#x3c3;</mi><mi>x</mi></msub><mn>2</mn></msup><mo>+</mo><msup><msub><mi>&#x3c3;</mi><mi>y</mi></msub><mn>2</mn></msup></mrow></msqrt></math>",MathML,1.0,"sx is the standard deviation in x-direction
sy is the standard deviation in y-direction"
FTsd1xy_CE95,,"<math xmlns=""http://www.w3.org/1998/Math/MathML""><mfrac><mn>2.4477</mn><msqrt><mn>2</mn></msqrt></mfrac><msqrt><mrow><msup><msub><mi>&#x3c3;</mi><mi>x</mi></msub><mn>2</mn></msup><mo>+</mo><msup><msub><mi>&#x3c3;</mi><mi>y</mi></msub><mn>2</mn></msup></mrow></msqrt></math>",MathML,1.0,"sx is the standard deviation in x-direction
sy is the standard deviation in y-direction"
FTsd1xy_CE99.8,,"<math xmlns=""http://www.w3.org/1998/Math/MathML""><mfrac><mn>3.5</mn><msqrt><mn>2</mn></msqrt></mfrac><msqrt><mrow><msup><msub><mi>&#x3c3;</mi><mi>x</mi></msub><mn>2</mn></msup><mo>+</mo><msup><msub><mi>&#x3c3;</mi><mi>y</mi></msub><mn>2</mn></msup></mrow></msqrt></math>",MathML,1.0,"sx is the standard deviation in x-direction
sy is the standard deviation in y-direction"
FTsd1xyz_SEP,,"<math xmlns=""http://www.w3.org/1998/Math/MathML""><mn>0.51</mn><mo>&#xd7;</mo><mo>(</mo><msup><msub><mi>&#x3c3;</mi><mi>x</mi></msub><mn>2</mn></msup><mo>+</mo><msup><msub><mi>&#x3c3;</mi><mi>y</mi></msub><mn>2</mn></msup><mo>+</mo><msup><msub><mi>&#x3c3;</mi><mi>z</mi></msub><mn>2</mn></msup><mo>)</mo></math>",MathML,1.0,"sx is the standard deviation in x-direction
sy is the standard deviation in y-direction
sz is the standard deviation in z-direction"
FTsd1xyz_MRSE,,"<math xmlns=""http://www.w3.org/1998/Math/MathML""><msqrt><mrow><msup><msub><mi>&#x3c3;</mi><mi>x</mi></msub><mn>2</mn></msup><mo>+</mo><msup><msub><mi>&#x3c3;</mi><mi>y</mi></msub><mn>2</mn></msup><mo>+</mo><msup><msub><mi>&#x3c3;</mi><mi>z</mi></msub><mn>2</mn></msup></mrow></msqrt></math>",MathML,1.0,"sx is the standard deviation in x-direction
sy is the standard deviation in y-direction
sz is the standard deviation in z-direction"
FTsd1xyz_SAS90,,"<math xmlns=""http://www.w3.org/1998/Math/MathML""><mn>0.833</mn><mo>&#xd7;</mo><mo>(</mo><msup><msub><mi>&#x3c3;</mi><mi>x</mi></msub><mn>2</mn></msup><mo>+</mo><msup><msub><mi>&#x3c3;</mi><mi>y</mi></msub><mn>2</mn></msup><mo>+</mo><msup><msub><mi>&#x3c3;</mi><mi>z</mi></msub><mn>2</mn></msup><mo>)</mo></math>",MathML,1.0,"sx is the standard deviation in x-direction
sy is the standard deviation in y-direction
sz is the standard deviation in z-direction"
FTsd1xyz_SAS99,,"<math xmlns=""http://www.w3.org/1998/Math/MathML""><mn>1.22</mn><mo>&#xd7;</mo><mo>(</mo><msup><msub><mi>&#x3c3;</mi><mi>x</mi></msub><mn>2</mn></msup><mo>+</mo><msup><msub><mi>&#x3c3;</mi><mi>y</mi></msub><mn>2</mn></msup><mo>+</mo><msup><msub><mi>&#x3c3;</mi><mi>z</mi></msub><mn>2</mn></msup><mo>)</mo></math>",MathML,1.0,"sx is the standard deviation in x-direction
sy is the standard deviation in y-direction
sz is the standard deviation in z-direction"
FT208_P,,"<math xmlns=""http://www.w3.org/1998/Math/MathML""><mfrac><mrow><msubsup><mo>&#x2211;</mo><mrow><mi>i</mi><mo>=</mo><mn>0</mn></mrow><mrow><mi>n</mi><mo>'</mo></mrow></msubsup><msub><mi>l</mi><mi>i</mi></msub></mrow><mi>L</mi></mfrac></math>",MathML,1.0,Where n is erroneous items and N is the total number of items that should have been present
FT208_L,,"<math xmlns=""http://www.w3.org/1998/Math/MathML""><mfrac><mrow><msubsup><mo>&#x2211;</mo><mrow><mi>i</mi><mo>=</mo><mn>0</mn></mrow><mrow><mi>n</mi><mo>'</mo></mrow></msubsup><msub><mi>p</mi><mi>i</mi></msub></mrow><mi>P</mi></mfrac></math>",MathML,1.0,where l is the erroneous length and L are the total length that should have been present
FT208_A,,"<math xmlns=""http://www.w3.org/1998/Math/MathML""><mfrac><mrow><msubsup><mo>&#x2211;</mo><mrow><mi>i</mi><mo>=</mo><mn>0</mn></mrow><mrow><mi>n</mi><mo>'</mo></mrow></msubsup><msub><mi>a</mi><mi>i</mi></msub></mrow><mi>A</mi></mfrac></math>",MathML,1.0,where a is the erroneous area and A are the total area that should have been present
FT210,,"<math xmlns=""http://www.w3.org/1998/Math/MathML""><mfrac><mrow><msubsup><mo>&#x2211;</mo><mrow><mi>i</mi><mo>=</mo><mn>0</mn></mrow><mi>n</mi></msubsup><msub><mi>t</mi><mi>i</mi></msub></mrow><mi>T</mi></mfrac></math>",MathML,1.0,where t is the erroneous time and T are the total time that should have been present
